[{"model": "contenttypes.contenttype", "pk": 1, "fields": {"app_label": "admin", "model": "logentry"}}, {"model": "contenttypes.contenttype", "pk": 2, "fields": {"app_label": "auth", "model": "permission"}}, {"model": "contenttypes.contenttype", "pk": 3, "fields": {"app_label": "auth", "model": "group"}}, {"model": "contenttypes.contenttype", "pk": 4, "fields": {"app_label": "contenttypes", "model": "contenttype"}}, {"model": "contenttypes.contenttype", "pk": 5, "fields": {"app_label": "sessions", "model": "session"}}, {"model": "contenttypes.contenttype", "pk": 6, "fields": {"app_label": "baserooter", "model": "user"}}, {"model": "contenttypes.contenttype", "pk": 7, "fields": {"app_label": "baserooter", "model": "application"}}, {"model": "contenttypes.contenttype", "pk": 8, "fields": {"app_label": "baserooter", "model": "applicationheader"}}, {"model": "contenttypes.contenttype", "pk": 9, "fields": {"app_label": "baserooter", "model": "applicationtype"}}, {"model": "contenttypes.contenttype", "pk": 10, "fields": {"app_label": "baserooter", "model": "deploymentrequest"}}, {"model": "contenttypes.contenttype", "pk": 11, "fields": {"app_label": "baserooter", "model": "environment"}}, {"model": "contenttypes.contenttype", "pk": 12, "fields": {"app_label": "baserooter", "model": "program"}}, {"model": "contenttypes.contenttype", "pk": 13, "fields": {"app_label": "baserooter", "model": "programversion"}}, {"model": "contenttypes.contenttype", "pk": 14, "fields": {"app_label": "baserooter", "model": "requestnormal"}}, {"model": "contenttypes.contenttype", "pk": 15, "fields": {"app_label": "baserooter", "model": "role"}}, {"model": "sessions.session", "pk": "1ie6uzrqf41v1kwxlbz6cffcmivv64nh", "fields": {"session_data": "OGYwMTU2ZTU0ZDhlMzI0N2NmNmFkYmUwOTM3Mzk3ZWUzYTVmOTViYzp7Il9hdXRoX3VzZXJfaWQiOiIyIiwiX2F1dGhfdXNlcl9iYWNrZW5kIjoiZGphbmdvLmNvbnRyaWIuYXV0aC5iYWNrZW5kcy5Nb2RlbEJhY2tlbmQiLCJfYXV0aF91c2VyX2hhc2giOiI5MmYyYjJiYjY5MDEyODJkMDQyNjNhZTBmNDk4ODVmYjljMmViMzQzIn0=", "expire_date": "2020-03-06T11:52:45.908Z"}}, {"model": "sessions.session", "pk": "4jlwbevo2549mftxakj7v1w1ixi8cm3o", "fields": {"session_data": "YTBhYzlkYzRlNWEyZWYwNjNkZjZhZTZkMjNjM2ZlYjg4ODNlY2VmNDp7Il9hdXRoX3VzZXJfaWQiOiIxIiwiX2F1dGhfdXNlcl9iYWNrZW5kIjoiZGphbmdvLmNvbnRyaWIuYXV0aC5iYWNrZW5kcy5Nb2RlbEJhY2tlbmQiLCJfYXV0aF91c2VyX2hhc2giOiI4NTU2OTFiYjk1YjU3Y2YxOTVkNmYwOGNmMDI4YjRmMWVkMmExMGY4In0=", "expire_date": "2020-03-05T11:34:32.655Z"}}, {"model": "sessions.session", "pk": "7y7o5cnjutqmgans8ub1j4o2ileyc7j6", "fields": {"session_data": "NmJlNzE0MWRiOTQ1ZDI1ZTI2ODFlZjM0NzQ5NmE4ODA2YjM2NDZhYjp7Il9hdXRoX3VzZXJfaWQiOiIyIiwiX2F1dGhfdXNlcl9iYWNrZW5kIjoiZGphbmdvLmNvbnRyaWIuYXV0aC5iYWNrZW5kcy5Nb2RlbEJhY2tlbmQiLCJfYXV0aF91c2VyX2hhc2giOiI2NDk3NmI1NTU5OTkyNTgxYWE3MzA4NTUyNGIxZTk2MTdmZjMyZjUwIn0=", "expire_date": "2020-03-05T06:46:56.229Z"}}, {"model": "sessions.session", "pk": "94dq9xl10whpr1du99to6atrxntvejxf", "fields": {"session_data": "ZjlkZjY5NmNkMmI4OWMwNDhkZDg4NjExYzgwNWQyNzc5MTViNjNkYzp7Il9hdXRoX3VzZXJfaWQiOiIyIiwiX2F1dGhfdXNlcl9iYWNrZW5kIjoiZGphbmdvLmNvbnRyaWIuYXV0aC5iYWNrZW5kcy5Nb2RlbEJhY2tlbmQiLCJfYXV0aF91c2VyX2hhc2giOiJiY2JiZTNkMWJlNjI2Nzk5NzUyZjg5ZWRhNTc4NzIwMTZhYTMxZGE0In0=", "expire_date": "2020-03-05T12:59:40.474Z"}}, {"model": "sessions.session", "pk": "a1znez5o5v0kkftsm9q5ldpfp6efoaba", "fields": {"session_data": "NmJlNzE0MWRiOTQ1ZDI1ZTI2ODFlZjM0NzQ5NmE4ODA2YjM2NDZhYjp7Il9hdXRoX3VzZXJfaWQiOiIyIiwiX2F1dGhfdXNlcl9iYWNrZW5kIjoiZGphbmdvLmNvbnRyaWIuYXV0aC5iYWNrZW5kcy5Nb2RlbEJhY2tlbmQiLCJfYXV0aF91c2VyX2hhc2giOiI2NDk3NmI1NTU5OTkyNTgxYWE3MzA4NTUyNGIxZTk2MTdmZjMyZjUwIn0=", "expire_date": "2020-03-05T06:41:18.597Z"}}, {"model": "sessions.session", "pk": "fumcxs86sui6c63s6uvsptcfo734u6ee", "fields": {"session_data": "NmJlNzE0MWRiOTQ1ZDI1ZTI2ODFlZjM0NzQ5NmE4ODA2YjM2NDZhYjp7Il9hdXRoX3VzZXJfaWQiOiIyIiwiX2F1dGhfdXNlcl9iYWNrZW5kIjoiZGphbmdvLmNvbnRyaWIuYXV0aC5iYWNrZW5kcy5Nb2RlbEJhY2tlbmQiLCJfYXV0aF91c2VyX2hhc2giOiI2NDk3NmI1NTU5OTkyNTgxYWE3MzA4NTUyNGIxZTk2MTdmZjMyZjUwIn0=", "expire_date": "2020-03-05T06:26:16.693Z"}}, {"model": "sessions.session", "pk": "fwxo99id3fll1lhbne9b5mkj0lik6rn0", "fields": {"session_data": "OGYwMTU2ZTU0ZDhlMzI0N2NmNmFkYmUwOTM3Mzk3ZWUzYTVmOTViYzp7Il9hdXRoX3VzZXJfaWQiOiIyIiwiX2F1dGhfdXNlcl9iYWNrZW5kIjoiZGphbmdvLmNvbnRyaWIuYXV0aC5iYWNrZW5kcy5Nb2RlbEJhY2tlbmQiLCJfYXV0aF91c2VyX2hhc2giOiI5MmYyYjJiYjY5MDEyODJkMDQyNjNhZTBmNDk4ODVmYjljMmViMzQzIn0=", "expire_date": "2020-03-06T11:04:27.799Z"}}, {"model": "sessions.session", "pk": "fxg800m1yf4vsa6uhxyn7npwi9y5ny3o", "fields": {"session_data": "OGYwMTU2ZTU0ZDhlMzI0N2NmNmFkYmUwOTM3Mzk3ZWUzYTVmOTViYzp7Il9hdXRoX3VzZXJfaWQiOiIyIiwiX2F1dGhfdXNlcl9iYWNrZW5kIjoiZGphbmdvLmNvbnRyaWIuYXV0aC5iYWNrZW5kcy5Nb2RlbEJhY2tlbmQiLCJfYXV0aF91c2VyX2hhc2giOiI5MmYyYjJiYjY5MDEyODJkMDQyNjNhZTBmNDk4ODVmYjljMmViMzQzIn0=", "expire_date": "2020-03-06T11:45:01.800Z"}}, {"model": "sessions.session", "pk": "gl7218eewf7lh5vyr7pitz09cmtnyfrx", "fields": {"session_data": "OGYwMTU2ZTU0ZDhlMzI0N2NmNmFkYmUwOTM3Mzk3ZWUzYTVmOTViYzp7Il9hdXRoX3VzZXJfaWQiOiIyIiwiX2F1dGhfdXNlcl9iYWNrZW5kIjoiZGphbmdvLmNvbnRyaWIuYXV0aC5iYWNrZW5kcy5Nb2RlbEJhY2tlbmQiLCJfYXV0aF91c2VyX2hhc2giOiI5MmYyYjJiYjY5MDEyODJkMDQyNjNhZTBmNDk4ODVmYjljMmViMzQzIn0=", "expire_date": "2020-03-06T11:52:12.418Z"}}, {"model": "sessions.session", "pk": "o5uuqlx8gon9bj2y6ygyf7ocfspvx20d", "fields": {"session_data": "NmJlNzE0MWRiOTQ1ZDI1ZTI2ODFlZjM0NzQ5NmE4ODA2YjM2NDZhYjp7Il9hdXRoX3VzZXJfaWQiOiIyIiwiX2F1dGhfdXNlcl9iYWNrZW5kIjoiZGphbmdvLmNvbnRyaWIuYXV0aC5iYWNrZW5kcy5Nb2RlbEJhY2tlbmQiLCJfYXV0aF91c2VyX2hhc2giOiI2NDk3NmI1NTU5OTkyNTgxYWE3MzA4NTUyNGIxZTk2MTdmZjMyZjUwIn0=", "expire_date": "2020-03-05T06:39:42.981Z"}}, {"model": "sessions.session", "pk": "oykz5w5gugsqae079h8w0n1m2s9mr4w3", "fields": {"session_data": "NmMyMWM2OGE4NzViZjEzODUwMDQ4MDljNmQ3NDQxNDI5ZTZjMzVhMDp7Il9hdXRoX3VzZXJfaWQiOiIyIiwiX2F1dGhfdXNlcl9iYWNrZW5kIjoiZGphbmdvLmNvbnRyaWIuYXV0aC5iYWNrZW5kcy5Nb2RlbEJhY2tlbmQiLCJfYXV0aF91c2VyX2hhc2giOiI1MmNkYzAzY2Y2YWRjODhmNzY4ZmMyMjI0YTIzMWMwMDk2ZTY0YTU1In0=", "expire_date": "2020-03-05T08:57:17.142Z"}}, {"model": "sessions.session", "pk": "qp5138qhnuep486a1rikxfdgca2xjfzz", "fields": {"session_data": "NmJlNzE0MWRiOTQ1ZDI1ZTI2ODFlZjM0NzQ5NmE4ODA2YjM2NDZhYjp7Il9hdXRoX3VzZXJfaWQiOiIyIiwiX2F1dGhfdXNlcl9iYWNrZW5kIjoiZGphbmdvLmNvbnRyaWIuYXV0aC5iYWNrZW5kcy5Nb2RlbEJhY2tlbmQiLCJfYXV0aF91c2VyX2hhc2giOiI2NDk3NmI1NTU5OTkyNTgxYWE3MzA4NTUyNGIxZTk2MTdmZjMyZjUwIn0=", "expire_date": "2020-03-05T06:35:55.354Z"}}, {"model": "sessions.session", "pk": "rf6cegu6bak8u7k4bi5h009ditla3bdd", "fields": {"session_data": "NmJlNzE0MWRiOTQ1ZDI1ZTI2ODFlZjM0NzQ5NmE4ODA2YjM2NDZhYjp7Il9hdXRoX3VzZXJfaWQiOiIyIiwiX2F1dGhfdXNlcl9iYWNrZW5kIjoiZGphbmdvLmNvbnRyaWIuYXV0aC5iYWNrZW5kcy5Nb2RlbEJhY2tlbmQiLCJfYXV0aF91c2VyX2hhc2giOiI2NDk3NmI1NTU5OTkyNTgxYWE3MzA4NTUyNGIxZTk2MTdmZjMyZjUwIn0=", "expire_date": "2020-03-05T06:47:58.286Z"}}, {"model": "sessions.session", "pk": "tmwrg6mynnqfn896qdwyycy7hzzv1vok", "fields": {"session_data": "YTBhYzlkYzRlNWEyZWYwNjNkZjZhZTZkMjNjM2ZlYjg4ODNlY2VmNDp7Il9hdXRoX3VzZXJfaWQiOiIxIiwiX2F1dGhfdXNlcl9iYWNrZW5kIjoiZGphbmdvLmNvbnRyaWIuYXV0aC5iYWNrZW5kcy5Nb2RlbEJhY2tlbmQiLCJfYXV0aF91c2VyX2hhc2giOiI4NTU2OTFiYjk1YjU3Y2YxOTVkNmYwOGNmMDI4YjRmMWVkMmExMGY4In0=", "expire_date": "2020-02-27T10:31:00.215Z"}}, {"model": "sessions.session", "pk": "vf4er83ltgmi94xzw17t7l4xje6u7ifn", "fields": {"session_data": "ZjlkZjY5NmNkMmI4OWMwNDhkZDg4NjExYzgwNWQyNzc5MTViNjNkYzp7Il9hdXRoX3VzZXJfaWQiOiIyIiwiX2F1dGhfdXNlcl9iYWNrZW5kIjoiZGphbmdvLmNvbnRyaWIuYXV0aC5iYWNrZW5kcy5Nb2RlbEJhY2tlbmQiLCJfYXV0aF91c2VyX2hhc2giOiJiY2JiZTNkMWJlNjI2Nzk5NzUyZjg5ZWRhNTc4NzIwMTZhYTMxZGE0In0=", "expire_date": "2020-03-05T13:00:11.231Z"}}, {"model": "sessions.session", "pk": "y7sqjernyk1uj06t78haszex2q2vxo2u", "fields": {"session_data": "NmJlNzE0MWRiOTQ1ZDI1ZTI2ODFlZjM0NzQ5NmE4ODA2YjM2NDZhYjp7Il9hdXRoX3VzZXJfaWQiOiIyIiwiX2F1dGhfdXNlcl9iYWNrZW5kIjoiZGphbmdvLmNvbnRyaWIuYXV0aC5iYWNrZW5kcy5Nb2RlbEJhY2tlbmQiLCJfYXV0aF91c2VyX2hhc2giOiI2NDk3NmI1NTU5OTkyNTgxYWE3MzA4NTUyNGIxZTk2MTdmZjMyZjUwIn0=", "expire_date": "2020-03-05T06:45:40.549Z"}}, {"model": "baserooter.environment", "pk": 1, "fields": {"name": "DEV", "created_at": "2020-02-13T10:32:36Z", "updated_at": "2020-02-13T10:32:36Z", "deleted_at": null, "is_active": true, "is_deleted": false}}, {"model": "baserooter.environment", "pk": 2, "fields": {"name": "QA", "created_at": "2020-02-13T10:32:42Z", "updated_at": "2020-02-13T10:32:42Z", "deleted_at": null, "is_active": true, "is_deleted": false}}, {"model": "baserooter.environment", "pk": 3, "fields": {"name": "UAT", "created_at": "2020-02-13T10:32:45Z", "updated_at": "2020-02-13T10:32:45Z", "deleted_at": null, "is_active": true, "is_deleted": false}}, {"model": "baserooter.environment", "pk": 4, "fields": {"name": "QA-PROD", "created_at": "2020-02-13T10:35:12Z", "updated_at": "2020-02-13T10:35:12Z", "deleted_at": null, "is_active": true, "is_deleted": false}}, {"model": "baserooter.environment", "pk": 5, "fields": {"name": "PROD", "created_at": "2020-02-13T10:35:18Z", "updated_at": "2020-02-13T10:35:18Z", "deleted_at": null, "is_active": true, "is_deleted": false}}, {"model": "baserooter.applicationtype", "pk": 1, "fields": {"name": "CEW", "created_at": "2020-02-13T10:35:33Z", "updated_at": "2020-02-13T10:35:33Z", "deleted_at": null, "is_active": true, "is_deleted": false}}, {"model": "baserooter.applicationtype", "pk": 2, "fields": {"name": "CE", "created_at": "2020-02-13T10:35:44Z", "updated_at": "2020-02-13T10:35:44Z", "deleted_at": null, "is_active": true, "is_deleted": false}}, {"model": "baserooter.applicationtype", "pk": 3, "fields": {"name": "CS", "created_at": "2020-02-13T10:36:08Z", "updated_at": "2020-02-13T10:36:08Z", "deleted_at": null, "is_active": true, "is_deleted": false}}, {"model": "baserooter.program", "pk": 1, "fields": {"name": "USCC", "server": "AWS", "environment": 2, "application_type": 1, "created_at": "2020-02-13T11:06:11Z", "updated_at": "2020-02-13T11:06:11Z", "deleted_at": null, "is_active": true, "is_deleted": false}}, {"model": "baserooter.program", "pk": 2, "fields": {"name": "ITOCHU", "server": "AWS", "environment": 2, "application_type": 1, "created_at": "2020-02-13T11:23:41Z", "updated_at": "2020-02-13T11:23:41Z", "deleted_at": null, "is_active": true, "is_deleted": false}}, {"model": "baserooter.program", "pk": 3, "fields": {"name": "VERIZON", "server": "AWS", "environment": 2, "application_type": 1, "created_at": "2020-02-13T11:23:41Z", "updated_at": "2020-02-13T11:23:41Z", "deleted_at": null, "is_active": true, "is_deleted": false}}, {"model": "baserooter.program", "pk": 4, "fields": {"name": "TRACFONE", "server": "AWS", "environment": 2, "application_type": 1, "created_at": "2020-02-13T11:23:41Z", "updated_at": "2020-02-13T11:23:41Z", "deleted_at": null, "is_active": true, "is_deleted": false}}, {"model": "baserooter.program", "pk": 5, "fields": {"name": "SAMSUNG", "server": "AWS", "environment": 2, "application_type": 1, "created_at": "2020-02-13T11:23:41Z", "updated_at": "2020-02-13T11:23:41Z", "deleted_at": null, "is_active": true, "is_deleted": false}}, {"model": "baserooter.program", "pk": 6, "fields": {"name": "GOOGLE", "server": "AWS", "environment": 2, "application_type": 1, "created_at": "2020-02-13T11:23:41Z", "updated_at": "2020-02-13T11:23:41Z", "deleted_at": null, "is_active": true, "is_deleted": false}}, {"model": "baserooter.program", "pk": 7, "fields": {"name": "ATT", "server": "LW", "environment": 2, "application_type": 1, "created_at": "2020-02-13T11:23:41Z", "updated_at": "2020-02-13T11:23:41Z", "deleted_at": null, "is_active": true, "is_deleted": false}}, {"model": "baserooter.program", "pk": 8, "fields": {"name": "TELUS", "server": "LW", "environment": 2, "application_type": 1, "created_at": "2020-02-13T11:23:41Z", "updated_at": "2020-02-13T11:23:41Z", "deleted_at": null, "is_active": true, "is_deleted": false}}, {"model": "baserooter.program", "pk": 9, "fields": {"name": "BBY", "server": "LW", "environment": 2, "application_type": 1, "created_at": "2020-02-13T11:23:41Z", "updated_at": "2020-02-13T11:23:41Z", "deleted_at": null, "is_active": true, "is_deleted": false}}, {"model": "baserooter.program", "pk": 10, "fields": {"name": "Gen Canada/FIDO", "server": "LW", "environment": 2, "application_type": 1, "created_at": "2020-02-13T11:23:41Z", "updated_at": "2020-02-13T11:23:41Z", "deleted_at": null, "is_active": true, "is_deleted": false}}, {"model": "baserooter.program", "pk": 11, "fields": {"name": "USCC", "server": "AWS", "environment": 2, "application_type": 2, "created_at": "2020-02-13T11:23:41Z", "updated_at": "2020-02-13T11:23:41Z", "deleted_at": null, "is_active": true, "is_deleted": false}}, {"model": "baserooter.program", "pk": 12, "fields": {"name": "CISCO", "server": "AWS", "environment": 2, "application_type": 2, "created_at": "2020-02-13T11:23:41Z", "updated_at": "2020-02-13T11:23:41Z", "deleted_at": null, "is_active": true, "is_deleted": false}}, {"model": "baserooter.program", "pk": 13, "fields": {"name": "VERIZON", "server": "AWS", "environment": 2, "application_type": 2, "created_at": "2020-02-13T11:23:41Z", "updated_at": "2020-02-13T11:23:41Z", "deleted_at": null, "is_active": true, "is_deleted": false}}, {"model": "baserooter.program", "pk": 14, "fields": {"name": "TRACFONE", "server": "AWS", "environment": 2, "application_type": 2, "created_at": "2020-02-13T11:23:41Z", "updated_at": "2020-02-13T11:23:41Z", "deleted_at": null, "is_active": true, "is_deleted": false}}, {"model": "baserooter.program", "pk": 15, "fields": {"name": "MSFT", "server": "AWS", "environment": 2, "application_type": 2, "created_at": "2020-02-13T11:23:41Z", "updated_at": "2020-02-13T11:23:41Z", "deleted_at": null, "is_active": true, "is_deleted": false}}, {"model": "baserooter.program", "pk": 16, "fields": {"name": "GOOGLE", "server": "AWS", "environment": 2, "application_type": 2, "created_at": "2020-02-13T11:23:41Z", "updated_at": "2020-02-13T11:23:41Z", "deleted_at": null, "is_active": true, "is_deleted": false}}, {"model": "baserooter.program", "pk": 17, "fields": {"name": "ATT", "server": "LW", "environment": 2, "application_type": 2, "created_at": "2020-02-13T11:23:41Z", "updated_at": "2020-02-13T11:23:41Z", "deleted_at": null, "is_active": true, "is_deleted": false}}, {"model": "baserooter.program", "pk": 18, "fields": {"name": "TELUS", "server": "LW", "environment": 2, "application_type": 2, "created_at": "2020-02-13T11:23:41Z", "updated_at": "2020-02-13T11:23:41Z", "deleted_at": null, "is_active": true, "is_deleted": false}}, {"model": "baserooter.program", "pk": 19, "fields": {"name": "WIND", "server": "LW", "environment": 2, "application_type": 2, "created_at": "2020-02-13T11:23:41Z", "updated_at": "2020-02-13T11:23:41Z", "deleted_at": null, "is_active": true, "is_deleted": false}}, {"model": "baserooter.program", "pk": 20, "fields": {"name": "KOODO", "server": "LW", "environment": 2, "application_type": 2, "created_at": "2020-02-13T11:23:41Z", "updated_at": "2020-02-13T11:23:41Z", "deleted_at": null, "is_active": true, "is_deleted": false}}, {"model": "baserooter.program", "pk": 21, "fields": {"name": "G.Canada/FIDO", "server": "LW", "environment": 2, "application_type": 2, "created_at": "2020-02-13T11:23:41Z", "updated_at": "2020-02-13T11:23:41Z", "deleted_at": null, "is_active": true, "is_deleted": false}}, {"model": "baserooter.program", "pk": 22, "fields": {"name": "HYLA-Common Services", "server": "AWS", "environment": 2, "application_type": 3, "created_at": "2020-02-13T11:23:41Z", "updated_at": "2020-02-13T11:23:41Z", "deleted_at": null, "is_active": true, "is_deleted": false}}, {"model": "baserooter.program", "pk": 23, "fields": {"name": "LW-Common Services", "server": "LW", "environment": 2, "application_type": 3, "created_at": "2020-02-13T11:23:41Z", "updated_at": "2020-02-13T11:23:41Z", "deleted_at": null, "is_active": true, "is_deleted": false}}, {"model": "baserooter.application", "pk": 1, "fields": {"name": "App", "program": 1, "created_at": "2020-02-13T11:24:47Z", "updated_at": "2020-02-13T11:24:47Z", "deleted_at": null, "is_active": true, "is_deleted": false}}, {"model": "baserooter.application", "pk": 2, "fields": {"name": "Reports", "program": 1, "created_at": "2020-02-13T12:05:19.752Z", "updated_at": "2020-02-13T12:05:19.752Z", "deleted_at": null, "is_active": true, "is_deleted": false}}, {"model": "baserooter.application", "pk": 3, "fields": {"name": "Web", "program": 1, "created_at": "2020-02-13T12:05:19.752Z", "updated_at": "2020-02-13T12:05:19.752Z", "deleted_at": null, "is_active": true, "is_deleted": false}}, {"model": "baserooter.application", "pk": 4, "fields": {"name": "App", "program": 2, "created_at": "2020-02-13T12:05:19.752Z", "updated_at": "2020-02-13T12:05:19.752Z", "deleted_at": null, "is_active": true, "is_deleted": false}}, {"model": "baserooter.application", "pk": 5, "fields": {"name": "Reports", "program": 2, "created_at": "2020-02-13T12:05:19.752Z", "updated_at": "2020-02-13T12:05:19.752Z", "deleted_at": null, "is_active": true, "is_deleted": false}}, {"model": "baserooter.application", "pk": 6, "fields": {"name": "Web", "program": 2, "created_at": "2020-02-13T12:05:19.752Z", "updated_at": "2020-02-13T12:05:19.752Z", "deleted_at": null, "is_active": true, "is_deleted": false}}, {"model": "baserooter.application", "pk": 7, "fields": {"name": "App", "program": 3, "created_at": "2020-02-13T12:05:19.752Z", "updated_at": "2020-02-13T12:05:19.752Z", "deleted_at": null, "is_active": true, "is_deleted": false}}, {"model": "baserooter.application", "pk": 8, "fields": {"name": "Reports", "program": 3, "created_at": "2020-02-13T12:05:19.752Z", "updated_at": "2020-02-13T12:05:19.752Z", "deleted_at": null, "is_active": true, "is_deleted": false}}, {"model": "baserooter.application", "pk": 9, "fields": {"name": "Web", "program": 3, "created_at": "2020-02-13T12:05:19.752Z", "updated_at": "2020-02-13T12:05:19.752Z", "deleted_at": null, "is_active": true, "is_deleted": false}}, {"model": "baserooter.application", "pk": 10, "fields": {"name": "App", "program": 4, "created_at": "2020-02-13T12:05:19.752Z", "updated_at": "2020-02-13T12:05:19.752Z", "deleted_at": null, "is_active": true, "is_deleted": false}}, {"model": "baserooter.application", "pk": 11, "fields": {"name": "Reports", "program": 4, "created_at": "2020-02-13T12:05:19.752Z", "updated_at": "2020-02-13T12:05:19.752Z", "deleted_at": null, "is_active": true, "is_deleted": false}}, {"model": "baserooter.application", "pk": 12, "fields": {"name": "Web", "program": 4, "created_at": "2020-02-13T12:05:19.752Z", "updated_at": "2020-02-13T12:05:19.752Z", "deleted_at": null, "is_active": true, "is_deleted": false}}, {"model": "baserooter.application", "pk": 13, "fields": {"name": "App", "program": 5, "created_at": "2020-02-13T12:05:19.752Z", "updated_at": "2020-02-13T12:05:19.752Z", "deleted_at": null, "is_active": true, "is_deleted": false}}, {"model": "baserooter.application", "pk": 14, "fields": {"name": "Reports", "program": 5, "created_at": "2020-02-13T12:05:19.752Z", "updated_at": "2020-02-13T12:05:19.752Z", "deleted_at": null, "is_active": true, "is_deleted": false}}, {"model": "baserooter.application", "pk": 15, "fields": {"name": "Web", "program": 5, "created_at": "2020-02-13T12:05:19.752Z", "updated_at": "2020-02-13T12:05:19.752Z", "deleted_at": null, "is_active": true, "is_deleted": false}}, {"model": "baserooter.application", "pk": 16, "fields": {"name": "App", "program": 6, "created_at": "2020-02-13T12:05:19.752Z", "updated_at": "2020-02-13T12:05:19.752Z", "deleted_at": null, "is_active": true, "is_deleted": false}}, {"model": "baserooter.application", "pk": 17, "fields": {"name": "Reports", "program": 6, "created_at": "2020-02-13T12:05:19.752Z", "updated_at": "2020-02-13T12:05:19.752Z", "deleted_at": null, "is_active": true, "is_deleted": false}}, {"model": "baserooter.application", "pk": 18, "fields": {"name": "Web", "program": 6, "created_at": "2020-02-13T12:05:19.752Z", "updated_at": "2020-02-13T12:05:19.752Z", "deleted_at": null, "is_active": true, "is_deleted": false}}, {"model": "baserooter.application", "pk": 19, "fields": {"name": "App", "program": 7, "created_at": "2020-02-13T12:05:19.752Z", "updated_at": "2020-02-13T12:05:19.752Z", "deleted_at": null, "is_active": true, "is_deleted": false}}, {"model": "baserooter.application", "pk": 20, "fields": {"name": "Reports", "program": 7, "created_at": "2020-02-13T12:05:19.752Z", "updated_at": "2020-02-13T12:05:19.752Z", "deleted_at": null, "is_active": true, "is_deleted": false}}, {"model": "baserooter.application", "pk": 21, "fields": {"name": "Web", "program": 7, "created_at": "2020-02-13T12:05:19.752Z", "updated_at": "2020-02-13T12:05:19.752Z", "deleted_at": null, "is_active": true, "is_deleted": false}}, {"model": "baserooter.application", "pk": 22, "fields": {"name": "App", "program": 8, "created_at": "2020-02-13T12:05:19.752Z", "updated_at": "2020-02-13T12:05:19.752Z", "deleted_at": null, "is_active": true, "is_deleted": false}}, {"model": "baserooter.application", "pk": 23, "fields": {"name": "Reports", "program": 8, "created_at": "2020-02-13T12:05:19.752Z", "updated_at": "2020-02-13T12:05:19.752Z", "deleted_at": null, "is_active": true, "is_deleted": false}}, {"model": "baserooter.application", "pk": 24, "fields": {"name": "Web", "program": 8, "created_at": "2020-02-13T12:05:19.752Z", "updated_at": "2020-02-13T12:05:19.752Z", "deleted_at": null, "is_active": true, "is_deleted": false}}, {"model": "baserooter.application", "pk": 25, "fields": {"name": "App", "program": 9, "created_at": "2020-02-13T12:05:19.752Z", "updated_at": "2020-02-13T12:05:19.752Z", "deleted_at": null, "is_active": true, "is_deleted": false}}, {"model": "baserooter.application", "pk": 26, "fields": {"name": "Reports", "program": 9, "created_at": "2020-02-13T12:05:19.752Z", "updated_at": "2020-02-13T12:05:19.752Z", "deleted_at": null, "is_active": true, "is_deleted": false}}, {"model": "baserooter.application", "pk": 27, "fields": {"name": "Web", "program": 9, "created_at": "2020-02-13T12:05:19.752Z", "updated_at": "2020-02-13T12:05:19.752Z", "deleted_at": null, "is_active": true, "is_deleted": false}}, {"model": "baserooter.application", "pk": 28, "fields": {"name": "App", "program": 10, "created_at": "2020-02-13T12:05:19.752Z", "updated_at": "2020-02-13T12:05:19.752Z", "deleted_at": null, "is_active": true, "is_deleted": false}}, {"model": "baserooter.application", "pk": 29, "fields": {"name": "Reports", "program": 10, "created_at": "2020-02-13T12:05:19.752Z", "updated_at": "2020-02-13T12:05:19.752Z", "deleted_at": null, "is_active": true, "is_deleted": false}}, {"model": "baserooter.application", "pk": 30, "fields": {"name": "Web", "program": 10, "created_at": "2020-02-13T12:05:19.752Z", "updated_at": "2020-02-13T12:05:19.752Z", "deleted_at": null, "is_active": true, "is_deleted": false}}, {"model": "baserooter.application", "pk": 31, "fields": {"name": "App", "program": 11, "created_at": "2020-02-13T12:05:19.752Z", "updated_at": "2020-02-13T12:05:19.752Z", "deleted_at": null, "is_active": true, "is_deleted": false}}, {"model": "baserooter.application", "pk": 32, "fields": {"name": "CE-UI", "program": 11, "created_at": "2020-02-13T12:05:19.752Z", "updated_at": "2020-02-13T12:05:19.752Z", "deleted_at": null, "is_active": true, "is_deleted": false}}, {"model": "baserooter.application", "pk": 33, "fields": {"name": "Web", "program": 11, "created_at": "2020-02-13T12:05:19.752Z", "updated_at": "2020-02-13T12:05:19.752Z", "deleted_at": null, "is_active": true, "is_deleted": false}}, {"model": "baserooter.application", "pk": 34, "fields": {"name": "Reports", "program": 11, "created_at": "2020-02-13T12:05:19.752Z", "updated_at": "2020-02-13T12:05:19.752Z", "deleted_at": null, "is_active": true, "is_deleted": false}}, {"model": "baserooter.application", "pk": 35, "fields": {"name": "B2B", "program": 11, "created_at": "2020-02-13T12:05:19Z", "updated_at": "2020-02-13T12:05:19Z", "deleted_at": null, "is_active": true, "is_deleted": false}}, {"model": "baserooter.application", "pk": 36, "fields": {"name": "Consumer", "program": 11, "created_at": "2020-02-13T12:05:19.752Z", "updated_at": "2020-02-13T12:05:19.752Z", "deleted_at": null, "is_active": true, "is_deleted": false}}, {"model": "baserooter.application", "pk": 37, "fields": {"name": "SelfServe", "program": 11, "created_at": "2020-02-13T12:05:19.752Z", "updated_at": "2020-02-13T12:05:19.752Z", "deleted_at": null, "is_active": true, "is_deleted": false}}, {"model": "baserooter.application", "pk": 38, "fields": {"name": "B2BUI", "program": 11, "created_at": "2020-02-13T12:05:19.752Z", "updated_at": "2020-02-13T12:05:19.752Z", "deleted_at": null, "is_active": true, "is_deleted": false}}, {"model": "baserooter.application", "pk": 39, "fields": {"name": "FN", "program": 11, "created_at": "2020-02-13T12:05:19.752Z", "updated_at": "2020-02-13T12:05:19.752Z", "deleted_at": null, "is_active": true, "is_deleted": false}}, {"model": "baserooter.application", "pk": 40, "fields": {"name": "QiS", "program": 11, "created_at": "2020-02-13T12:05:19.752Z", "updated_at": "2020-02-13T12:05:19.752Z", "deleted_at": null, "is_active": true, "is_deleted": false}}, {"model": "baserooter.application", "pk": 41, "fields": {"name": "CSR", "program": 11, "created_at": "2020-02-13T12:05:19.752Z", "updated_at": "2020-02-13T12:05:19.752Z", "deleted_at": null, "is_active": true, "is_deleted": false}}, {"model": "baserooter.application", "pk": 42, "fields": {"name": "App", "program": 12, "created_at": "2020-02-13T12:05:19.752Z", "updated_at": "2020-02-13T12:05:19.752Z", "deleted_at": null, "is_active": true, "is_deleted": false}}, {"model": "baserooter.application", "pk": 43, "fields": {"name": "CE-UI", "program": 12, "created_at": "2020-02-13T12:05:19.752Z", "updated_at": "2020-02-13T12:05:19.752Z", "deleted_at": null, "is_active": true, "is_deleted": false}}, {"model": "baserooter.application", "pk": 44, "fields": {"name": "Web", "program": 12, "created_at": "2020-02-13T12:05:19.752Z", "updated_at": "2020-02-13T12:05:19.752Z", "deleted_at": null, "is_active": true, "is_deleted": false}}, {"model": "baserooter.application", "pk": 45, "fields": {"name": "Reports", "program": 12, "created_at": "2020-02-13T12:05:19.752Z", "updated_at": "2020-02-13T12:05:19.752Z", "deleted_at": null, "is_active": true, "is_deleted": false}}, {"model": "baserooter.application", "pk": 46, "fields": {"name": "B2B", "program": 12, "created_at": "2020-02-13T12:05:19.752Z", "updated_at": "2020-02-13T12:05:19.752Z", "deleted_at": null, "is_active": true, "is_deleted": false}}, {"model": "baserooter.application", "pk": 47, "fields": {"name": "Consumer", "program": 12, "created_at": "2020-02-13T12:05:19.752Z", "updated_at": "2020-02-13T12:05:19.752Z", "deleted_at": null, "is_active": true, "is_deleted": false}}, {"model": "baserooter.application", "pk": 48, "fields": {"name": "SelfServe", "program": 12, "created_at": "2020-02-13T12:05:19.752Z", "updated_at": "2020-02-13T12:05:19.752Z", "deleted_at": null, "is_active": true, "is_deleted": false}}, {"model": "baserooter.application", "pk": 49, "fields": {"name": "B2BUI", "program": 12, "created_at": "2020-02-13T12:05:19.752Z", "updated_at": "2020-02-13T12:05:19.752Z", "deleted_at": null, "is_active": true, "is_deleted": false}}, {"model": "baserooter.application", "pk": 50, "fields": {"name": "FN", "program": 12, "created_at": "2020-02-13T12:05:19.752Z", "updated_at": "2020-02-13T12:05:19.752Z", "deleted_at": null, "is_active": true, "is_deleted": false}}, {"model": "baserooter.application", "pk": 51, "fields": {"name": "QiS", "program": 12, "created_at": "2020-02-13T12:05:19.752Z", "updated_at": "2020-02-13T12:05:19.752Z", "deleted_at": null, "is_active": true, "is_deleted": false}}, {"model": "baserooter.application", "pk": 52, "fields": {"name": "CSR", "program": 12, "created_at": "2020-02-13T12:05:19.752Z", "updated_at": "2020-02-13T12:05:19.752Z", "deleted_at": null, "is_active": true, "is_deleted": false}}, {"model": "baserooter.application", "pk": 53, "fields": {"name": "App", "program": 13, "created_at": "2020-02-13T12:05:19.752Z", "updated_at": "2020-02-13T12:05:19.752Z", "deleted_at": null, "is_active": true, "is_deleted": false}}, {"model": "baserooter.application", "pk": 54, "fields": {"name": "CE-UI", "program": 13, "created_at": "2020-02-13T12:05:19.752Z", "updated_at": "2020-02-13T12:05:19.752Z", "deleted_at": null, "is_active": true, "is_deleted": false}}, {"model": "baserooter.application", "pk": 55, "fields": {"name": "Web", "program": 13, "created_at": "2020-02-13T12:05:19.752Z", "updated_at": "2020-02-13T12:05:19.752Z", "deleted_at": null, "is_active": true, "is_deleted": false}}, {"model": "baserooter.application", "pk": 56, "fields": {"name": "Reports", "program": 13, "created_at": "2020-02-13T12:05:19.752Z", "updated_at": "2020-02-13T12:05:19.752Z", "deleted_at": null, "is_active": true, "is_deleted": false}}, {"model": "baserooter.application", "pk": 57, "fields": {"name": "B2B", "program": 13, "created_at": "2020-02-13T12:05:19.752Z", "updated_at": "2020-02-13T12:05:19.752Z", "deleted_at": null, "is_active": true, "is_deleted": false}}, {"model": "baserooter.application", "pk": 58, "fields": {"name": "Consumer", "program": 13, "created_at": "2020-02-13T12:05:19.752Z", "updated_at": "2020-02-13T12:05:19.752Z", "deleted_at": null, "is_active": true, "is_deleted": false}}, {"model": "baserooter.application", "pk": 59, "fields": {"name": "SelfServe", "program": 13, "created_at": "2020-02-13T12:05:19.752Z", "updated_at": "2020-02-13T12:05:19.752Z", "deleted_at": null, "is_active": true, "is_deleted": false}}, {"model": "baserooter.application", "pk": 60, "fields": {"name": "B2BUI", "program": 13, "created_at": "2020-02-13T12:05:19.752Z", "updated_at": "2020-02-13T12:05:19.752Z", "deleted_at": null, "is_active": true, "is_deleted": false}}, {"model": "baserooter.application", "pk": 61, "fields": {"name": "FN", "program": 13, "created_at": "2020-02-13T12:05:19.752Z", "updated_at": "2020-02-13T12:05:19.752Z", "deleted_at": null, "is_active": true, "is_deleted": false}}, {"model": "baserooter.application", "pk": 62, "fields": {"name": "QiS", "program": 13, "created_at": "2020-02-13T12:05:19.752Z", "updated_at": "2020-02-13T12:05:19.752Z", "deleted_at": null, "is_active": true, "is_deleted": false}}, {"model": "baserooter.application", "pk": 63, "fields": {"name": "CSR", "program": 13, "created_at": "2020-02-13T12:05:19.752Z", "updated_at": "2020-02-13T12:05:19.752Z", "deleted_at": null, "is_active": true, "is_deleted": false}}, {"model": "baserooter.application", "pk": 64, "fields": {"name": "App", "program": 14, "created_at": "2020-02-13T12:05:19.752Z", "updated_at": "2020-02-13T12:05:19.752Z", "deleted_at": null, "is_active": true, "is_deleted": false}}, {"model": "baserooter.application", "pk": 65, "fields": {"name": "CE-UI", "program": 14, "created_at": "2020-02-13T12:05:19.752Z", "updated_at": "2020-02-13T12:05:19.752Z", "deleted_at": null, "is_active": true, "is_deleted": false}}, {"model": "baserooter.application", "pk": 66, "fields": {"name": "Web", "program": 14, "created_at": "2020-02-13T12:05:19.752Z", "updated_at": "2020-02-13T12:05:19.752Z", "deleted_at": null, "is_active": true, "is_deleted": false}}, {"model": "baserooter.application", "pk": 67, "fields": {"name": "Reports", "program": 14, "created_at": "2020-02-13T12:05:19.752Z", "updated_at": "2020-02-13T12:05:19.752Z", "deleted_at": null, "is_active": true, "is_deleted": false}}, {"model": "baserooter.application", "pk": 68, "fields": {"name": "B2B", "program": 14, "created_at": "2020-02-13T12:05:19.752Z", "updated_at": "2020-02-13T12:05:19.752Z", "deleted_at": null, "is_active": true, "is_deleted": false}}, {"model": "baserooter.application", "pk": 69, "fields": {"name": "Consumer", "program": 14, "created_at": "2020-02-13T12:05:19.752Z", "updated_at": "2020-02-13T12:05:19.752Z", "deleted_at": null, "is_active": true, "is_deleted": false}}, {"model": "baserooter.application", "pk": 70, "fields": {"name": "SelfServe", "program": 14, "created_at": "2020-02-13T12:05:19.752Z", "updated_at": "2020-02-13T12:05:19.752Z", "deleted_at": null, "is_active": true, "is_deleted": false}}, {"model": "baserooter.application", "pk": 71, "fields": {"name": "B2BUI", "program": 14, "created_at": "2020-02-13T12:05:19.752Z", "updated_at": "2020-02-13T12:05:19.752Z", "deleted_at": null, "is_active": true, "is_deleted": false}}, {"model": "baserooter.application", "pk": 72, "fields": {"name": "FN", "program": 14, "created_at": "2020-02-13T12:05:19.752Z", "updated_at": "2020-02-13T12:05:19.752Z", "deleted_at": null, "is_active": true, "is_deleted": false}}, {"model": "baserooter.application", "pk": 73, "fields": {"name": "QiS", "program": 14, "created_at": "2020-02-13T12:05:19.752Z", "updated_at": "2020-02-13T12:05:19.752Z", "deleted_at": null, "is_active": true, "is_deleted": false}}, {"model": "baserooter.application", "pk": 74, "fields": {"name": "CSR", "program": 14, "created_at": "2020-02-13T12:05:19.752Z", "updated_at": "2020-02-13T12:05:19.752Z", "deleted_at": null, "is_active": true, "is_deleted": false}}, {"model": "baserooter.application", "pk": 75, "fields": {"name": "App", "program": 15, "created_at": "2020-02-13T12:05:19.752Z", "updated_at": "2020-02-13T12:05:19.752Z", "deleted_at": null, "is_active": true, "is_deleted": false}}, {"model": "baserooter.application", "pk": 76, "fields": {"name": "CE-UI", "program": 15, "created_at": "2020-02-13T12:05:19.752Z", "updated_at": "2020-02-13T12:05:19.752Z", "deleted_at": null, "is_active": true, "is_deleted": false}}, {"model": "baserooter.application", "pk": 77, "fields": {"name": "Web", "program": 15, "created_at": "2020-02-13T12:05:19.752Z", "updated_at": "2020-02-13T12:05:19.752Z", "deleted_at": null, "is_active": true, "is_deleted": false}}, {"model": "baserooter.application", "pk": 78, "fields": {"name": "Reports", "program": 15, "created_at": "2020-02-13T12:05:19.752Z", "updated_at": "2020-02-13T12:05:19.752Z", "deleted_at": null, "is_active": true, "is_deleted": false}}, {"model": "baserooter.application", "pk": 79, "fields": {"name": "B2B", "program": 15, "created_at": "2020-02-13T12:05:19.752Z", "updated_at": "2020-02-13T12:05:19.752Z", "deleted_at": null, "is_active": true, "is_deleted": false}}, {"model": "baserooter.application", "pk": 80, "fields": {"name": "Consumer", "program": 15, "created_at": "2020-02-13T12:05:19.752Z", "updated_at": "2020-02-13T12:05:19.752Z", "deleted_at": null, "is_active": true, "is_deleted": false}}, {"model": "baserooter.application", "pk": 81, "fields": {"name": "SelfServe", "program": 15, "created_at": "2020-02-13T12:05:19.752Z", "updated_at": "2020-02-13T12:05:19.752Z", "deleted_at": null, "is_active": true, "is_deleted": false}}, {"model": "baserooter.application", "pk": 82, "fields": {"name": "B2BUI", "program": 15, "created_at": "2020-02-13T12:05:19.752Z", "updated_at": "2020-02-13T12:05:19.752Z", "deleted_at": null, "is_active": true, "is_deleted": false}}, {"model": "baserooter.application", "pk": 83, "fields": {"name": "FN", "program": 15, "created_at": "2020-02-13T12:05:19.752Z", "updated_at": "2020-02-13T12:05:19.752Z", "deleted_at": null, "is_active": true, "is_deleted": false}}, {"model": "baserooter.application", "pk": 84, "fields": {"name": "QiS", "program": 15, "created_at": "2020-02-13T12:05:19.752Z", "updated_at": "2020-02-13T12:05:19.752Z", "deleted_at": null, "is_active": true, "is_deleted": false}}, {"model": "baserooter.application", "pk": 85, "fields": {"name": "CSR", "program": 15, "created_at": "2020-02-13T12:05:19.752Z", "updated_at": "2020-02-13T12:05:19.752Z", "deleted_at": null, "is_active": true, "is_deleted": false}}, {"model": "baserooter.application", "pk": 86, "fields": {"name": "App", "program": 16, "created_at": "2020-02-13T12:05:19.752Z", "updated_at": "2020-02-13T12:05:19.752Z", "deleted_at": null, "is_active": true, "is_deleted": false}}, {"model": "baserooter.application", "pk": 87, "fields": {"name": "CE-UI", "program": 16, "created_at": "2020-02-13T12:05:19.752Z", "updated_at": "2020-02-13T12:05:19.752Z", "deleted_at": null, "is_active": true, "is_deleted": false}}, {"model": "baserooter.application", "pk": 88, "fields": {"name": "Web", "program": 16, "created_at": "2020-02-13T12:05:19.752Z", "updated_at": "2020-02-13T12:05:19.752Z", "deleted_at": null, "is_active": true, "is_deleted": false}}, {"model": "baserooter.application", "pk": 89, "fields": {"name": "Reports", "program": 16, "created_at": "2020-02-13T12:05:19.752Z", "updated_at": "2020-02-13T12:05:19.752Z", "deleted_at": null, "is_active": true, "is_deleted": false}}, {"model": "baserooter.application", "pk": 90, "fields": {"name": "B2B", "program": 16, "created_at": "2020-02-13T12:05:19.752Z", "updated_at": "2020-02-13T12:05:19.752Z", "deleted_at": null, "is_active": true, "is_deleted": false}}, {"model": "baserooter.application", "pk": 91, "fields": {"name": "Consumer", "program": 16, "created_at": "2020-02-13T12:05:19.752Z", "updated_at": "2020-02-13T12:05:19.752Z", "deleted_at": null, "is_active": true, "is_deleted": false}}, {"model": "baserooter.application", "pk": 92, "fields": {"name": "SelfServe", "program": 16, "created_at": "2020-02-13T12:05:19.752Z", "updated_at": "2020-02-13T12:05:19.752Z", "deleted_at": null, "is_active": true, "is_deleted": false}}, {"model": "baserooter.application", "pk": 93, "fields": {"name": "B2BUI", "program": 16, "created_at": "2020-02-13T12:05:19.752Z", "updated_at": "2020-02-13T12:05:19.752Z", "deleted_at": null, "is_active": true, "is_deleted": false}}, {"model": "baserooter.application", "pk": 94, "fields": {"name": "FN", "program": 16, "created_at": "2020-02-13T12:05:19.752Z", "updated_at": "2020-02-13T12:05:19.752Z", "deleted_at": null, "is_active": true, "is_deleted": false}}, {"model": "baserooter.application", "pk": 95, "fields": {"name": "QiS", "program": 16, "created_at": "2020-02-13T12:05:19.752Z", "updated_at": "2020-02-13T12:05:19.752Z", "deleted_at": null, "is_active": true, "is_deleted": false}}, {"model": "baserooter.application", "pk": 96, "fields": {"name": "CSR", "program": 16, "created_at": "2020-02-13T12:05:19.752Z", "updated_at": "2020-02-13T12:05:19.752Z", "deleted_at": null, "is_active": true, "is_deleted": false}}, {"model": "baserooter.application", "pk": 97, "fields": {"name": "App", "program": 17, "created_at": "2020-02-13T12:05:19.752Z", "updated_at": "2020-02-13T12:05:19.752Z", "deleted_at": null, "is_active": true, "is_deleted": false}}, {"model": "baserooter.application", "pk": 98, "fields": {"name": "CE-UI", "program": 17, "created_at": "2020-02-13T12:05:19.752Z", "updated_at": "2020-02-13T12:05:19.752Z", "deleted_at": null, "is_active": true, "is_deleted": false}}, {"model": "baserooter.application", "pk": 99, "fields": {"name": "Web", "program": 17, "created_at": "2020-02-13T12:05:19.752Z", "updated_at": "2020-02-13T12:05:19.752Z", "deleted_at": null, "is_active": true, "is_deleted": false}}, {"model": "baserooter.application", "pk": 100, "fields": {"name": "Reports", "program": 17, "created_at": "2020-02-13T12:05:19.752Z", "updated_at": "2020-02-13T12:05:19.752Z", "deleted_at": null, "is_active": true, "is_deleted": false}}, {"model": "baserooter.application", "pk": 101, "fields": {"name": "B2B", "program": 17, "created_at": "2020-02-13T12:05:19.752Z", "updated_at": "2020-02-13T12:05:19.752Z", "deleted_at": null, "is_active": true, "is_deleted": false}}, {"model": "baserooter.application", "pk": 102, "fields": {"name": "Consumer", "program": 17, "created_at": "2020-02-13T12:05:19.752Z", "updated_at": "2020-02-13T12:05:19.752Z", "deleted_at": null, "is_active": true, "is_deleted": false}}, {"model": "baserooter.application", "pk": 103, "fields": {"name": "SelfServe", "program": 17, "created_at": "2020-02-13T12:05:19.752Z", "updated_at": "2020-02-13T12:05:19.752Z", "deleted_at": null, "is_active": true, "is_deleted": false}}, {"model": "baserooter.application", "pk": 104, "fields": {"name": "B2BUI", "program": 17, "created_at": "2020-02-13T12:05:19.752Z", "updated_at": "2020-02-13T12:05:19.752Z", "deleted_at": null, "is_active": true, "is_deleted": false}}, {"model": "baserooter.application", "pk": 105, "fields": {"name": "FN", "program": 17, "created_at": "2020-02-13T12:05:19.752Z", "updated_at": "2020-02-13T12:05:19.752Z", "deleted_at": null, "is_active": true, "is_deleted": false}}, {"model": "baserooter.application", "pk": 106, "fields": {"name": "QiS", "program": 17, "created_at": "2020-02-13T12:05:19.752Z", "updated_at": "2020-02-13T12:05:19.752Z", "deleted_at": null, "is_active": true, "is_deleted": false}}, {"model": "baserooter.application", "pk": 107, "fields": {"name": "CSR", "program": 17, "created_at": "2020-02-13T12:05:19.752Z", "updated_at": "2020-02-13T12:05:19.752Z", "deleted_at": null, "is_active": true, "is_deleted": false}}, {"model": "baserooter.application", "pk": 108, "fields": {"name": "App", "program": 18, "created_at": "2020-02-13T12:05:19.752Z", "updated_at": "2020-02-13T12:05:19.752Z", "deleted_at": null, "is_active": true, "is_deleted": false}}, {"model": "baserooter.application", "pk": 109, "fields": {"name": "CE-UI", "program": 18, "created_at": "2020-02-13T12:05:19.752Z", "updated_at": "2020-02-13T12:05:19.752Z", "deleted_at": null, "is_active": true, "is_deleted": false}}, {"model": "baserooter.application", "pk": 110, "fields": {"name": "Web", "program": 18, "created_at": "2020-02-13T12:05:19.752Z", "updated_at": "2020-02-13T12:05:19.752Z", "deleted_at": null, "is_active": true, "is_deleted": false}}, {"model": "baserooter.application", "pk": 111, "fields": {"name": "Reports", "program": 18, "created_at": "2020-02-13T12:05:19.752Z", "updated_at": "2020-02-13T12:05:19.752Z", "deleted_at": null, "is_active": true, "is_deleted": false}}, {"model": "baserooter.application", "pk": 112, "fields": {"name": "B2B", "program": 18, "created_at": "2020-02-13T12:05:19.752Z", "updated_at": "2020-02-13T12:05:19.752Z", "deleted_at": null, "is_active": true, "is_deleted": false}}, {"model": "baserooter.application", "pk": 113, "fields": {"name": "Consumer", "program": 18, "created_at": "2020-02-13T12:05:19.752Z", "updated_at": "2020-02-13T12:05:19.752Z", "deleted_at": null, "is_active": true, "is_deleted": false}}, {"model": "baserooter.application", "pk": 114, "fields": {"name": "SelfServe", "program": 18, "created_at": "2020-02-13T12:05:19.752Z", "updated_at": "2020-02-13T12:05:19.752Z", "deleted_at": null, "is_active": true, "is_deleted": false}}, {"model": "baserooter.application", "pk": 115, "fields": {"name": "B2BUI", "program": 18, "created_at": "2020-02-13T12:05:19.752Z", "updated_at": "2020-02-13T12:05:19.752Z", "deleted_at": null, "is_active": true, "is_deleted": false}}, {"model": "baserooter.application", "pk": 116, "fields": {"name": "FN", "program": 18, "created_at": "2020-02-13T12:05:19.752Z", "updated_at": "2020-02-13T12:05:19.752Z", "deleted_at": null, "is_active": true, "is_deleted": false}}, {"model": "baserooter.application", "pk": 117, "fields": {"name": "QiS", "program": 18, "created_at": "2020-02-13T12:05:19.752Z", "updated_at": "2020-02-13T12:05:19.752Z", "deleted_at": null, "is_active": true, "is_deleted": false}}, {"model": "baserooter.application", "pk": 118, "fields": {"name": "CSR", "program": 18, "created_at": "2020-02-13T12:05:19.752Z", "updated_at": "2020-02-13T12:05:19.752Z", "deleted_at": null, "is_active": true, "is_deleted": false}}, {"model": "baserooter.application", "pk": 119, "fields": {"name": "App", "program": 19, "created_at": "2020-02-13T12:05:19.752Z", "updated_at": "2020-02-13T12:05:19.752Z", "deleted_at": null, "is_active": true, "is_deleted": false}}, {"model": "baserooter.application", "pk": 120, "fields": {"name": "CE-UI", "program": 19, "created_at": "2020-02-13T12:05:19.752Z", "updated_at": "2020-02-13T12:05:19.752Z", "deleted_at": null, "is_active": true, "is_deleted": false}}, {"model": "baserooter.application", "pk": 121, "fields": {"name": "Web", "program": 19, "created_at": "2020-02-13T12:05:19.752Z", "updated_at": "2020-02-13T12:05:19.752Z", "deleted_at": null, "is_active": true, "is_deleted": false}}, {"model": "baserooter.application", "pk": 122, "fields": {"name": "Reports", "program": 19, "created_at": "2020-02-13T12:05:19.752Z", "updated_at": "2020-02-13T12:05:19.752Z", "deleted_at": null, "is_active": true, "is_deleted": false}}, {"model": "baserooter.application", "pk": 123, "fields": {"name": "B2B", "program": 19, "created_at": "2020-02-13T12:05:19.752Z", "updated_at": "2020-02-13T12:05:19.752Z", "deleted_at": null, "is_active": true, "is_deleted": false}}, {"model": "baserooter.application", "pk": 124, "fields": {"name": "Consumer", "program": 19, "created_at": "2020-02-13T12:05:19.752Z", "updated_at": "2020-02-13T12:05:19.752Z", "deleted_at": null, "is_active": true, "is_deleted": false}}, {"model": "baserooter.application", "pk": 125, "fields": {"name": "SelfServe", "program": 19, "created_at": "2020-02-13T12:05:19.752Z", "updated_at": "2020-02-13T12:05:19.752Z", "deleted_at": null, "is_active": true, "is_deleted": false}}, {"model": "baserooter.application", "pk": 126, "fields": {"name": "B2BUI", "program": 19, "created_at": "2020-02-13T12:05:19.752Z", "updated_at": "2020-02-13T12:05:19.752Z", "deleted_at": null, "is_active": true, "is_deleted": false}}, {"model": "baserooter.application", "pk": 127, "fields": {"name": "FN", "program": 19, "created_at": "2020-02-13T12:05:19.752Z", "updated_at": "2020-02-13T12:05:19.752Z", "deleted_at": null, "is_active": true, "is_deleted": false}}, {"model": "baserooter.application", "pk": 128, "fields": {"name": "QiS", "program": 19, "created_at": "2020-02-13T12:05:19.752Z", "updated_at": "2020-02-13T12:05:19.752Z", "deleted_at": null, "is_active": true, "is_deleted": false}}, {"model": "baserooter.application", "pk": 129, "fields": {"name": "CSR", "program": 19, "created_at": "2020-02-13T12:05:19.752Z", "updated_at": "2020-02-13T12:05:19.752Z", "deleted_at": null, "is_active": true, "is_deleted": false}}, {"model": "baserooter.application", "pk": 130, "fields": {"name": "App", "program": 20, "created_at": "2020-02-13T12:05:19.752Z", "updated_at": "2020-02-13T12:05:19.752Z", "deleted_at": null, "is_active": true, "is_deleted": false}}, {"model": "baserooter.application", "pk": 131, "fields": {"name": "CE-UI", "program": 20, "created_at": "2020-02-13T12:05:19.752Z", "updated_at": "2020-02-13T12:05:19.752Z", "deleted_at": null, "is_active": true, "is_deleted": false}}, {"model": "baserooter.application", "pk": 132, "fields": {"name": "Web", "program": 20, "created_at": "2020-02-13T12:05:19.752Z", "updated_at": "2020-02-13T12:05:19.752Z", "deleted_at": null, "is_active": true, "is_deleted": false}}, {"model": "baserooter.application", "pk": 133, "fields": {"name": "Reports", "program": 20, "created_at": "2020-02-13T12:05:19.752Z", "updated_at": "2020-02-13T12:05:19.752Z", "deleted_at": null, "is_active": true, "is_deleted": false}}, {"model": "baserooter.application", "pk": 134, "fields": {"name": "B2B", "program": 20, "created_at": "2020-02-13T12:05:19.752Z", "updated_at": "2020-02-13T12:05:19.752Z", "deleted_at": null, "is_active": true, "is_deleted": false}}, {"model": "baserooter.application", "pk": 135, "fields": {"name": "Consumer", "program": 20, "created_at": "2020-02-13T12:05:19.752Z", "updated_at": "2020-02-13T12:05:19.752Z", "deleted_at": null, "is_active": true, "is_deleted": false}}, {"model": "baserooter.application", "pk": 136, "fields": {"name": "SelfServe", "program": 20, "created_at": "2020-02-13T12:05:19.752Z", "updated_at": "2020-02-13T12:05:19.752Z", "deleted_at": null, "is_active": true, "is_deleted": false}}, {"model": "baserooter.application", "pk": 137, "fields": {"name": "B2BUI", "program": 20, "created_at": "2020-02-13T12:05:19.752Z", "updated_at": "2020-02-13T12:05:19.752Z", "deleted_at": null, "is_active": true, "is_deleted": false}}, {"model": "baserooter.application", "pk": 138, "fields": {"name": "FN", "program": 20, "created_at": "2020-02-13T12:05:19.752Z", "updated_at": "2020-02-13T12:05:19.752Z", "deleted_at": null, "is_active": true, "is_deleted": false}}, {"model": "baserooter.application", "pk": 139, "fields": {"name": "QiS", "program": 20, "created_at": "2020-02-13T12:05:19.752Z", "updated_at": "2020-02-13T12:05:19.752Z", "deleted_at": null, "is_active": true, "is_deleted": false}}, {"model": "baserooter.application", "pk": 140, "fields": {"name": "CSR", "program": 20, "created_at": "2020-02-13T12:05:19.752Z", "updated_at": "2020-02-13T12:05:19.752Z", "deleted_at": null, "is_active": true, "is_deleted": false}}, {"model": "baserooter.application", "pk": 141, "fields": {"name": "App", "program": 21, "created_at": "2020-02-13T12:05:19.752Z", "updated_at": "2020-02-13T12:05:19.752Z", "deleted_at": null, "is_active": true, "is_deleted": false}}, {"model": "baserooter.application", "pk": 142, "fields": {"name": "CE-UI", "program": 21, "created_at": "2020-02-13T12:05:19.752Z", "updated_at": "2020-02-13T12:05:19.752Z", "deleted_at": null, "is_active": true, "is_deleted": false}}, {"model": "baserooter.application", "pk": 143, "fields": {"name": "Web", "program": 21, "created_at": "2020-02-13T12:05:19.752Z", "updated_at": "2020-02-13T12:05:19.752Z", "deleted_at": null, "is_active": true, "is_deleted": false}}, {"model": "baserooter.application", "pk": 144, "fields": {"name": "Reports", "program": 21, "created_at": "2020-02-13T12:05:19.752Z", "updated_at": "2020-02-13T12:05:19.752Z", "deleted_at": null, "is_active": true, "is_deleted": false}}, {"model": "baserooter.application", "pk": 145, "fields": {"name": "B2B", "program": 21, "created_at": "2020-02-13T12:05:19.752Z", "updated_at": "2020-02-13T12:05:19.752Z", "deleted_at": null, "is_active": true, "is_deleted": false}}, {"model": "baserooter.application", "pk": 146, "fields": {"name": "Consumer", "program": 21, "created_at": "2020-02-13T12:05:19.752Z", "updated_at": "2020-02-13T12:05:19.752Z", "deleted_at": null, "is_active": true, "is_deleted": false}}, {"model": "baserooter.application", "pk": 147, "fields": {"name": "SelfServe", "program": 21, "created_at": "2020-02-13T12:05:19.752Z", "updated_at": "2020-02-13T12:05:19.752Z", "deleted_at": null, "is_active": true, "is_deleted": false}}, {"model": "baserooter.application", "pk": 148, "fields": {"name": "B2BUI", "program": 21, "created_at": "2020-02-13T12:05:19.752Z", "updated_at": "2020-02-13T12:05:19.752Z", "deleted_at": null, "is_active": true, "is_deleted": false}}, {"model": "baserooter.application", "pk": 149, "fields": {"name": "FN", "program": 21, "created_at": "2020-02-13T12:05:19.752Z", "updated_at": "2020-02-13T12:05:19.752Z", "deleted_at": null, "is_active": true, "is_deleted": false}}, {"model": "baserooter.application", "pk": 150, "fields": {"name": "QiS", "program": 21, "created_at": "2020-02-13T12:05:19.752Z", "updated_at": "2020-02-13T12:05:19.752Z", "deleted_at": null, "is_active": true, "is_deleted": false}}, {"model": "baserooter.application", "pk": 151, "fields": {"name": "CSR", "program": 21, "created_at": "2020-02-13T12:05:19.752Z", "updated_at": "2020-02-13T12:05:19.752Z", "deleted_at": null, "is_active": true, "is_deleted": false}}, {"model": "baserooter.application", "pk": 152, "fields": {"name": "HC-App", "program": 22, "created_at": "2020-02-13T12:05:19.752Z", "updated_at": "2020-02-13T12:05:19.752Z", "deleted_at": null, "is_active": true, "is_deleted": false}}, {"model": "baserooter.application", "pk": 153, "fields": {"name": "Hc-web", "program": 22, "created_at": "2020-02-13T12:05:19.752Z", "updated_at": "2020-02-13T12:05:19.752Z", "deleted_at": null, "is_active": true, "is_deleted": false}}, {"model": "baserooter.application", "pk": 154, "fields": {"name": "CE-Search", "program": 22, "created_at": "2020-02-13T12:05:19.752Z", "updated_at": "2020-02-13T12:05:19.752Z", "deleted_at": null, "is_active": true, "is_deleted": false}}, {"model": "baserooter.application", "pk": 155, "fields": {"name": "IVS", "program": 22, "created_at": "2020-02-13T12:05:19.752Z", "updated_at": "2020-02-13T12:05:19.752Z", "deleted_at": null, "is_active": true, "is_deleted": false}}, {"model": "baserooter.application", "pk": 156, "fields": {"name": "Pricing", "program": 22, "created_at": "2020-02-13T12:05:19.752Z", "updated_at": "2020-02-13T12:05:19.752Z", "deleted_at": null, "is_active": true, "is_deleted": false}}, {"model": "baserooter.application", "pk": 157, "fields": {"name": "Notifier", "program": 22, "created_at": "2020-02-13T12:05:19.752Z", "updated_at": "2020-02-13T12:05:19.752Z", "deleted_at": null, "is_active": true, "is_deleted": false}}, {"model": "baserooter.application", "pk": 158, "fields": {"name": "CTB/HiG", "program": 22, "created_at": "2020-02-13T12:05:19.752Z", "updated_at": "2020-02-13T12:05:19.752Z", "deleted_at": null, "is_active": true, "is_deleted": false}}, {"model": "baserooter.application", "pk": 159, "fields": {"name": "HASS", "program": 22, "created_at": "2020-02-13T12:05:19.752Z", "updated_at": "2020-02-13T12:05:19.752Z", "deleted_at": null, "is_active": true, "is_deleted": false}}, {"model": "baserooter.application", "pk": 160, "fields": {"name": "HSS", "program": 22, "created_at": "2020-02-13T12:05:19.752Z", "updated_at": "2020-02-13T12:05:19.752Z", "deleted_at": null, "is_active": true, "is_deleted": false}}, {"model": "baserooter.application", "pk": 161, "fields": {"name": "Dock_Receipt", "program": 22, "created_at": "2020-02-13T12:05:19.752Z", "updated_at": "2020-02-13T12:05:19.752Z", "deleted_at": null, "is_active": true, "is_deleted": false}}, {"model": "baserooter.application", "pk": 162, "fields": {"name": "Email_Service", "program": 22, "created_at": "2020-02-13T12:05:19.752Z", "updated_at": "2020-02-13T12:05:19.752Z", "deleted_at": null, "is_active": true, "is_deleted": false}}, {"model": "baserooter.application", "pk": 163, "fields": {"name": "HC-App", "program": 23, "created_at": "2020-02-13T12:05:19.752Z", "updated_at": "2020-02-13T12:05:19.752Z", "deleted_at": null, "is_active": true, "is_deleted": false}}, {"model": "baserooter.application", "pk": 164, "fields": {"name": "Hc-web", "program": 23, "created_at": "2020-02-13T12:05:19.752Z", "updated_at": "2020-02-13T12:05:19.752Z", "deleted_at": null, "is_active": true, "is_deleted": false}}, {"model": "baserooter.application", "pk": 165, "fields": {"name": "CE-Search", "program": 23, "created_at": "2020-02-13T12:05:19.752Z", "updated_at": "2020-02-13T12:05:19.752Z", "deleted_at": null, "is_active": true, "is_deleted": false}}, {"model": "baserooter.application", "pk": 166, "fields": {"name": "IVS", "program": 23, "created_at": "2020-02-13T12:05:19.752Z", "updated_at": "2020-02-13T12:05:19.752Z", "deleted_at": null, "is_active": true, "is_deleted": false}}, {"model": "baserooter.application", "pk": 167, "fields": {"name": "Pricing", "program": 23, "created_at": "2020-02-13T12:05:19.752Z", "updated_at": "2020-02-13T12:05:19.752Z", "deleted_at": null, "is_active": true, "is_deleted": false}}, {"model": "baserooter.application", "pk": 168, "fields": {"name": "Notifier", "program": 23, "created_at": "2020-02-13T12:05:19.752Z", "updated_at": "2020-02-13T12:05:19.752Z", "deleted_at": null, "is_active": true, "is_deleted": false}}, {"model": "baserooter.application", "pk": 169, "fields": {"name": "CTB/HiG", "program": 23, "created_at": "2020-02-13T12:05:19.752Z", "updated_at": "2020-02-13T12:05:19.752Z", "deleted_at": null, "is_active": true, "is_deleted": false}}, {"model": "baserooter.application", "pk": 170, "fields": {"name": "HASS", "program": 23, "created_at": "2020-02-13T12:05:19.752Z", "updated_at": "2020-02-13T12:05:19.752Z", "deleted_at": null, "is_active": true, "is_deleted": false}}, {"model": "baserooter.application", "pk": 171, "fields": {"name": "HSS", "program": 23, "created_at": "2020-02-13T12:05:19.752Z", "updated_at": "2020-02-13T12:05:19.752Z", "deleted_at": null, "is_active": true, "is_deleted": false}}, {"model": "baserooter.application", "pk": 172, "fields": {"name": "Dock_Receipt", "program": 23, "created_at": "2020-02-13T12:05:19.752Z", "updated_at": "2020-02-13T12:05:19.752Z", "deleted_at": null, "is_active": true, "is_deleted": false}}, {"model": "baserooter.application", "pk": 173, "fields": {"name": "Email_Service", "program": 23, "created_at": "2020-02-13T12:05:19.752Z", "updated_at": "2020-02-13T12:05:19.752Z", "deleted_at": null, "is_active": true, "is_deleted": false}}, {"model": "baserooter.programversion", "pk": 1, "fields": {"name": "20.2", "application": 1, "branch": null, "updated_by": null, "created_at": "2020-02-13T12:06:37Z", "updated_at": "2020-02-13T12:06:37Z", "deleted_at": null, "is_active": true, "is_deleted": false}}, {"model": "baserooter.programversion", "pk": 2, "fields": {"name": "20.2", "application": 2, "branch": null, "updated_by": null, "created_at": "2020-02-13T12:16:01.070Z", "updated_at": "2020-02-13T12:16:01.070Z", "deleted_at": null, "is_active": true, "is_deleted": false}}, {"model": "baserooter.programversion", "pk": 3, "fields": {"name": "20.1", "application": 3, "branch": null, "updated_by": null, "created_at": "2020-02-13T12:16:01.070Z", "updated_at": "2020-02-13T12:16:01.070Z", "deleted_at": null, "is_active": true, "is_deleted": false}}, {"model": "baserooter.programversion", "pk": 4, "fields": {"name": "20.2", "application": 4, "branch": null, "updated_by": null, "created_at": "2020-02-13T12:16:01.070Z", "updated_at": "2020-02-13T12:16:01.070Z", "deleted_at": null, "is_active": true, "is_deleted": false}}, {"model": "baserooter.programversion", "pk": 5, "fields": {"name": "20.2", "application": 5, "branch": null, "updated_by": null, "created_at": "2020-02-13T12:16:01.070Z", "updated_at": "2020-02-13T12:16:01.070Z", "deleted_at": null, "is_active": true, "is_deleted": false}}, {"model": "baserooter.programversion", "pk": 6, "fields": {"name": "20.1", "application": 6, "branch": null, "updated_by": null, "created_at": "2020-02-13T12:16:01.070Z", "updated_at": "2020-02-13T12:16:01.070Z", "deleted_at": null, "is_active": true, "is_deleted": false}}, {"model": "baserooter.programversion", "pk": 7, "fields": {"name": "20.2", "application": 7, "branch": null, "updated_by": null, "created_at": "2020-02-13T12:16:01.070Z", "updated_at": "2020-02-13T12:16:01.070Z", "deleted_at": null, "is_active": true, "is_deleted": false}}, {"model": "baserooter.programversion", "pk": 8, "fields": {"name": "20.2", "application": 7, "branch": null, "updated_by": null, "created_at": "2020-02-13T12:16:01.070Z", "updated_at": "2020-02-13T12:16:01.070Z", "deleted_at": null, "is_active": true, "is_deleted": false}}, {"model": "baserooter.programversion", "pk": 9, "fields": {"name": "20.1", "application": 9, "branch": null, "updated_by": null, "created_at": "2020-02-13T12:16:01.070Z", "updated_at": "2020-02-13T12:16:01.070Z", "deleted_at": null, "is_active": true, "is_deleted": false}}, {"model": "baserooter.programversion", "pk": 10, "fields": {"name": "20.2", "application": 10, "branch": null, "updated_by": null, "created_at": "2020-02-13T12:16:01.070Z", "updated_at": "2020-02-13T12:16:01.070Z", "deleted_at": null, "is_active": true, "is_deleted": false}}, {"model": "baserooter.programversion", "pk": 11, "fields": {"name": "20.2", "application": 11, "branch": null, "updated_by": null, "created_at": "2020-02-13T12:16:01.070Z", "updated_at": "2020-02-13T12:16:01.070Z", "deleted_at": null, "is_active": true, "is_deleted": false}}, {"model": "baserooter.programversion", "pk": 12, "fields": {"name": "20.1", "application": 12, "branch": null, "updated_by": null, "created_at": "2020-02-13T12:16:01.070Z", "updated_at": "2020-02-13T12:16:01.070Z", "deleted_at": null, "is_active": true, "is_deleted": false}}, {"model": "baserooter.programversion", "pk": 13, "fields": {"name": "20.2", "application": 13, "branch": null, "updated_by": null, "created_at": "2020-02-13T12:16:01.070Z", "updated_at": "2020-02-13T12:16:01.070Z", "deleted_at": null, "is_active": true, "is_deleted": false}}, {"model": "baserooter.programversion", "pk": 14, "fields": {"name": "20.2", "application": 14, "branch": null, "updated_by": null, "created_at": "2020-02-13T12:16:01.070Z", "updated_at": "2020-02-13T12:16:01.070Z", "deleted_at": null, "is_active": true, "is_deleted": false}}, {"model": "baserooter.programversion", "pk": 15, "fields": {"name": "20.1", "application": 15, "branch": null, "updated_by": null, "created_at": "2020-02-13T12:16:01.070Z", "updated_at": "2020-02-13T12:16:01.070Z", "deleted_at": null, "is_active": true, "is_deleted": false}}, {"model": "baserooter.programversion", "pk": 16, "fields": {"name": "20.2", "application": 16, "branch": null, "updated_by": null, "created_at": "2020-02-13T12:16:01.070Z", "updated_at": "2020-02-13T12:16:01.070Z", "deleted_at": null, "is_active": true, "is_deleted": false}}, {"model": "baserooter.programversion", "pk": 17, "fields": {"name": "20.2", "application": 17, "branch": null, "updated_by": null, "created_at": "2020-02-13T12:16:01.070Z", "updated_at": "2020-02-13T12:16:01.070Z", "deleted_at": null, "is_active": true, "is_deleted": false}}, {"model": "baserooter.programversion", "pk": 18, "fields": {"name": "20.1", "application": 18, "branch": null, "updated_by": null, "created_at": "2020-02-13T12:16:01.070Z", "updated_at": "2020-02-13T12:16:01.070Z", "deleted_at": null, "is_active": true, "is_deleted": false}}, {"model": "baserooter.programversion", "pk": 19, "fields": {"name": "20.2", "application": 19, "branch": null, "updated_by": null, "created_at": "2020-02-13T12:16:01.070Z", "updated_at": "2020-02-13T12:16:01.070Z", "deleted_at": null, "is_active": true, "is_deleted": false}}, {"model": "baserooter.programversion", "pk": 20, "fields": {"name": "20.2", "application": 20, "branch": null, "updated_by": null, "created_at": "2020-02-13T12:16:01.070Z", "updated_at": "2020-02-13T12:16:01.070Z", "deleted_at": null, "is_active": true, "is_deleted": false}}, {"model": "baserooter.programversion", "pk": 21, "fields": {"name": "20.1", "application": 21, "branch": null, "updated_by": null, "created_at": "2020-02-13T12:16:01.070Z", "updated_at": "2020-02-13T12:16:01.070Z", "deleted_at": null, "is_active": true, "is_deleted": false}}, {"model": "baserooter.programversion", "pk": 22, "fields": {"name": "20.2", "application": 22, "branch": null, "updated_by": null, "created_at": "2020-02-13T12:16:01.070Z", "updated_at": "2020-02-13T12:16:01.070Z", "deleted_at": null, "is_active": true, "is_deleted": false}}, {"model": "baserooter.programversion", "pk": 23, "fields": {"name": "20.2", "application": 23, "branch": null, "updated_by": null, "created_at": "2020-02-13T12:16:01.070Z", "updated_at": "2020-02-13T12:16:01.070Z", "deleted_at": null, "is_active": true, "is_deleted": false}}, {"model": "baserooter.programversion", "pk": 24, "fields": {"name": "20.1", "application": 24, "branch": null, "updated_by": null, "created_at": "2020-02-13T12:16:01.070Z", "updated_at": "2020-02-13T12:16:01.070Z", "deleted_at": null, "is_active": true, "is_deleted": false}}, {"model": "baserooter.programversion", "pk": 25, "fields": {"name": "20.2", "application": 25, "branch": null, "updated_by": null, "created_at": "2020-02-13T12:16:01.070Z", "updated_at": "2020-02-13T12:16:01.070Z", "deleted_at": null, "is_active": true, "is_deleted": false}}, {"model": "baserooter.programversion", "pk": 26, "fields": {"name": "20.2", "application": 26, "branch": null, "updated_by": null, "created_at": "2020-02-13T12:16:01.070Z", "updated_at": "2020-02-13T12:16:01.070Z", "deleted_at": null, "is_active": true, "is_deleted": false}}, {"model": "baserooter.programversion", "pk": 27, "fields": {"name": "20.1", "application": 27, "branch": null, "updated_by": null, "created_at": "2020-02-13T12:16:01.070Z", "updated_at": "2020-02-13T12:16:01.070Z", "deleted_at": null, "is_active": true, "is_deleted": false}}, {"model": "baserooter.programversion", "pk": 28, "fields": {"name": "20.2", "application": 28, "branch": null, "updated_by": null, "created_at": "2020-02-13T12:16:01.070Z", "updated_at": "2020-02-13T12:16:01.070Z", "deleted_at": null, "is_active": true, "is_deleted": false}}, {"model": "baserooter.programversion", "pk": 29, "fields": {"name": "20.2", "application": 29, "branch": null, "updated_by": null, "created_at": "2020-02-13T12:16:01.070Z", "updated_at": "2020-02-13T12:16:01.070Z", "deleted_at": null, "is_active": true, "is_deleted": false}}, {"model": "baserooter.programversion", "pk": 30, "fields": {"name": "20.1", "application": 30, "branch": null, "updated_by": null, "created_at": "2020-02-13T12:16:01.070Z", "updated_at": "2020-02-13T12:16:01.070Z", "deleted_at": null, "is_active": true, "is_deleted": false}}, {"model": "baserooter.programversion", "pk": 31, "fields": {"name": "20.2", "application": 31, "branch": null, "updated_by": null, "created_at": "2020-02-13T12:35:36Z", "updated_at": "2020-02-13T12:35:36Z", "deleted_at": null, "is_active": true, "is_deleted": false}}, {"model": "baserooter.programversion", "pk": 32, "fields": {"name": "20.2", "application": 32, "branch": null, "updated_by": null, "created_at": "2020-02-13T12:45:53Z", "updated_at": "2020-02-13T12:45:53Z", "deleted_at": null, "is_active": true, "is_deleted": false}}, {"model": "baserooter.programversion", "pk": 33, "fields": {"name": "19.10", "application": 33, "branch": null, "updated_by": null, "created_at": "2020-02-13T12:46:27Z", "updated_at": "2020-02-13T12:46:27Z", "deleted_at": null, "is_active": true, "is_deleted": false}}, {"model": "baserooter.programversion", "pk": 34, "fields": {"name": "20.2", "application": 34, "branch": null, "updated_by": null, "created_at": "2020-02-13T12:46:53Z", "updated_at": "2020-02-13T12:46:53Z", "deleted_at": null, "is_active": true, "is_deleted": false}}, {"model": "baserooter.programversion", "pk": 35, "fields": {"name": "20.1", "application": 36, "branch": null, "updated_by": null, "created_at": "2020-02-13T12:47:12Z", "updated_at": "2020-02-13T12:47:12Z", "deleted_at": null, "is_active": true, "is_deleted": false}}, {"model": "baserooter.programversion", "pk": 36, "fields": {"name": "pilot", "application": 42, "branch": null, "updated_by": null, "created_at": "2020-02-14T05:00:28Z", "updated_at": "2020-02-14T05:00:28Z", "deleted_at": null, "is_active": true, "is_deleted": false}}, {"model": "baserooter.programversion", "pk": 37, "fields": {"name": "master", "application": 43, "branch": null, "updated_by": null, "created_at": "2020-02-14T05:05:53Z", "updated_at": "2020-02-14T05:05:53Z", "deleted_at": null, "is_active": true, "is_deleted": false}}, {"model": "baserooter.programversion", "pk": 38, "fields": {"name": "master", "application": 44, "branch": null, "updated_by": null, "created_at": "2020-02-14T05:06:30Z", "updated_at": "2020-02-14T05:06:30Z", "deleted_at": null, "is_active": true, "is_deleted": false}}, {"model": "baserooter.programversion", "pk": 39, "fields": {"name": "master", "application": 45, "branch": null, "updated_by": null, "created_at": "2020-02-14T05:06:38Z", "updated_at": "2020-02-14T05:06:38Z", "deleted_at": null, "is_active": true, "is_deleted": false}}, {"model": "baserooter.programversion", "pk": 40, "fields": {"name": "pilot", "application": 46, "branch": null, "updated_by": null, "created_at": "2020-02-14T05:06:54Z", "updated_at": "2020-02-14T05:06:54Z", "deleted_at": null, "is_active": true, "is_deleted": false}}, {"model": "baserooter.programversion", "pk": 41, "fields": {"name": "master", "application": 48, "branch": null, "updated_by": null, "created_at": "2020-02-14T05:07:14Z", "updated_at": "2020-02-14T05:07:14Z", "deleted_at": null, "is_active": true, "is_deleted": false}}, {"model": "baserooter.programversion", "pk": 42, "fields": {"name": "master", "application": 49, "branch": null, "updated_by": null, "created_at": "2020-02-14T05:07:36Z", "updated_at": "2020-02-14T05:07:36Z", "deleted_at": null, "is_active": true, "is_deleted": false}}, {"model": "baserooter.programversion", "pk": 43, "fields": {"name": "20.2", "application": 53, "branch": null, "updated_by": null, "created_at": "2020-02-14T05:07:43Z", "updated_at": "2020-02-14T05:07:43Z", "deleted_at": null, "is_active": true, "is_deleted": false}}, {"model": "baserooter.programversion", "pk": 44, "fields": {"name": "20.2", "application": 54, "branch": null, "updated_by": null, "created_at": "2020-02-14T05:09:45Z", "updated_at": "2020-02-14T05:09:45Z", "deleted_at": null, "is_active": true, "is_deleted": false}}, {"model": "baserooter.programversion", "pk": 45, "fields": {"name": "19.10", "application": 55, "branch": null, "updated_by": null, "created_at": "2020-02-14T05:10:08Z", "updated_at": "2020-02-14T05:10:08Z", "deleted_at": null, "is_active": true, "is_deleted": false}}, {"model": "baserooter.programversion", "pk": 46, "fields": {"name": "20.2", "application": 56, "branch": null, "updated_by": null, "created_at": "2020-02-14T05:10:32Z", "updated_at": "2020-02-14T05:10:32Z", "deleted_at": null, "is_active": true, "is_deleted": false}}, {"model": "baserooter.programversion", "pk": 47, "fields": {"name": "20.1", "application": 57, "branch": null, "updated_by": null, "created_at": "2020-02-14T05:10:51Z", "updated_at": "2020-02-14T05:10:51Z", "deleted_at": null, "is_active": true, "is_deleted": false}}, {"model": "baserooter.programversion", "pk": 48, "fields": {"name": "19.10", "application": 59, "branch": null, "updated_by": null, "created_at": "2020-02-14T05:11:17Z", "updated_at": "2020-02-14T05:11:17Z", "deleted_at": null, "is_active": true, "is_deleted": false}}, {"model": "baserooter.programversion", "pk": 49, "fields": {"name": "20.2.3", "application": 60, "branch": null, "updated_by": null, "created_at": "2020-02-14T05:12:41Z", "updated_at": "2020-02-14T05:12:41Z", "deleted_at": null, "is_active": true, "is_deleted": false}}, {"model": "baserooter.programversion", "pk": 50, "fields": {"name": "20.2", "application": 64, "branch": null, "updated_by": null, "created_at": "2020-02-14T05:12:52Z", "updated_at": "2020-02-14T05:12:52Z", "deleted_at": null, "is_active": true, "is_deleted": false}}, {"model": "baserooter.programversion", "pk": 51, "fields": {"name": "20.2", "application": 65, "branch": null, "updated_by": null, "created_at": "2020-02-14T05:14:02Z", "updated_at": "2020-02-14T05:14:02Z", "deleted_at": null, "is_active": true, "is_deleted": false}}, {"model": "baserooter.programversion", "pk": 52, "fields": {"name": "19.10", "application": 66, "branch": null, "updated_by": null, "created_at": "2020-02-14T05:14:24Z", "updated_at": "2020-02-14T05:14:24Z", "deleted_at": null, "is_active": true, "is_deleted": false}}, {"model": "baserooter.programversion", "pk": 53, "fields": {"name": "20.2", "application": 67, "branch": null, "updated_by": null, "created_at": "2020-02-14T05:14:43Z", "updated_at": "2020-02-14T05:14:43Z", "deleted_at": null, "is_active": true, "is_deleted": false}}, {"model": "baserooter.programversion", "pk": 54, "fields": {"name": "master", "application": 75, "branch": null, "updated_by": null, "created_at": "2020-02-14T05:14:55Z", "updated_at": "2020-02-14T05:14:55Z", "deleted_at": null, "is_active": true, "is_deleted": false}}, {"model": "baserooter.programversion", "pk": 55, "fields": {"name": "master", "application": 76, "branch": null, "updated_by": null, "created_at": "2020-02-14T05:31:17Z", "updated_at": "2020-02-14T05:31:17Z", "deleted_at": null, "is_active": true, "is_deleted": false}}, {"model": "baserooter.programversion", "pk": 56, "fields": {"name": "master", "application": 77, "branch": null, "updated_by": null, "created_at": "2020-02-14T05:32:25Z", "updated_at": "2020-02-14T05:32:25Z", "deleted_at": null, "is_active": true, "is_deleted": false}}, {"model": "baserooter.programversion", "pk": 57, "fields": {"name": "master", "application": 78, "branch": null, "updated_by": null, "created_at": "2020-02-14T05:32:33Z", "updated_at": "2020-02-14T05:32:33Z", "deleted_at": null, "is_active": true, "is_deleted": false}}, {"model": "baserooter.programversion", "pk": 58, "fields": {"name": "20.2", "application": 86, "branch": null, "updated_by": null, "created_at": "2020-02-14T05:32:44Z", "updated_at": "2020-02-14T05:32:44Z", "deleted_at": null, "is_active": true, "is_deleted": false}}, {"model": "baserooter.programversion", "pk": 59, "fields": {"name": "20.2", "application": 87, "branch": null, "updated_by": null, "created_at": "2020-02-14T05:33:11Z", "updated_at": "2020-02-14T05:33:11Z", "deleted_at": null, "is_active": true, "is_deleted": false}}, {"model": "baserooter.programversion", "pk": 60, "fields": {"name": "19.10", "application": 88, "branch": null, "updated_by": null, "created_at": "2020-02-14T05:33:19Z", "updated_at": "2020-02-14T05:33:19Z", "deleted_at": null, "is_active": true, "is_deleted": false}}, {"model": "baserooter.programversion", "pk": 61, "fields": {"name": "20.2", "application": 89, "branch": null, "updated_by": null, "created_at": "2020-02-14T05:33:31Z", "updated_at": "2020-02-14T05:33:31Z", "deleted_at": null, "is_active": true, "is_deleted": false}}, {"model": "baserooter.programversion", "pk": 62, "fields": {"name": "18.11", "application": 95, "branch": null, "updated_by": null, "created_at": "2020-02-14T05:33:44Z", "updated_at": "2020-02-14T05:33:44Z", "deleted_at": null, "is_active": true, "is_deleted": false}}, {"model": "baserooter.programversion", "pk": 63, "fields": {"name": "20.1", "application": 96, "branch": null, "updated_by": null, "created_at": "2020-02-14T05:34:14Z", "updated_at": "2020-02-14T05:34:14Z", "deleted_at": null, "is_active": true, "is_deleted": false}}, {"model": "baserooter.programversion", "pk": 64, "fields": {"name": "20.2", "application": 97, "branch": null, "updated_by": null, "created_at": "2020-02-14T05:34:27Z", "updated_at": "2020-02-14T05:34:27Z", "deleted_at": null, "is_active": true, "is_deleted": false}}, {"model": "baserooter.programversion", "pk": 65, "fields": {"name": "20.2", "application": 98, "branch": null, "updated_by": null, "created_at": "2020-02-14T05:38:24Z", "updated_at": "2020-02-14T05:38:24Z", "deleted_at": null, "is_active": true, "is_deleted": false}}, {"model": "baserooter.programversion", "pk": 66, "fields": {"name": "19.10", "application": 99, "branch": null, "updated_by": null, "created_at": "2020-02-14T05:41:04Z", "updated_at": "2020-02-14T05:41:04Z", "deleted_at": null, "is_active": true, "is_deleted": false}}, {"model": "baserooter.programversion", "pk": 67, "fields": {"name": "20.2", "application": 100, "branch": null, "updated_by": null, "created_at": "2020-02-14T05:41:21Z", "updated_at": "2020-02-14T05:41:21Z", "deleted_at": null, "is_active": true, "is_deleted": false}}, {"model": "baserooter.programversion", "pk": 68, "fields": {"name": "20.1", "application": 101, "branch": null, "updated_by": null, "created_at": "2020-02-14T05:41:31Z", "updated_at": "2020-02-14T05:41:31Z", "deleted_at": null, "is_active": true, "is_deleted": false}}, {"model": "baserooter.programversion", "pk": 69, "fields": {"name": "20.1", "application": 102, "branch": null, "updated_by": null, "created_at": "2020-02-14T05:42:18Z", "updated_at": "2020-02-14T05:42:18Z", "deleted_at": null, "is_active": true, "is_deleted": false}}, {"model": "baserooter.programversion", "pk": 70, "fields": {"name": "19.10", "application": 103, "branch": null, "updated_by": null, "created_at": "2020-02-14T05:42:28Z", "updated_at": "2020-02-14T05:42:28Z", "deleted_at": null, "is_active": true, "is_deleted": false}}, {"model": "baserooter.programversion", "pk": 71, "fields": {"name": "20.2.3", "application": 104, "branch": null, "updated_by": null, "created_at": "2020-02-14T05:42:57Z", "updated_at": "2020-02-14T05:42:57Z", "deleted_at": null, "is_active": true, "is_deleted": false}}, {"model": "baserooter.programversion", "pk": 72, "fields": {"name": "20.2.1", "application": 105, "branch": null, "updated_by": null, "created_at": "2020-02-14T05:43:49Z", "updated_at": "2020-02-14T05:43:49Z", "deleted_at": null, "is_active": true, "is_deleted": false}}, {"model": "baserooter.programversion", "pk": 73, "fields": {"name": "20.2", "application": 108, "branch": null, "updated_by": null, "created_at": "2020-02-14T05:44:01Z", "updated_at": "2020-02-14T05:44:01Z", "deleted_at": null, "is_active": true, "is_deleted": false}}, {"model": "baserooter.programversion", "pk": 74, "fields": {"name": "20.2", "application": 109, "branch": null, "updated_by": null, "created_at": "2020-02-14T05:44:30Z", "updated_at": "2020-02-14T05:44:30Z", "deleted_at": null, "is_active": true, "is_deleted": false}}, {"model": "baserooter.programversion", "pk": 75, "fields": {"name": "19.10", "application": 110, "branch": null, "updated_by": null, "created_at": "2020-02-14T05:44:45Z", "updated_at": "2020-02-14T05:44:45Z", "deleted_at": null, "is_active": true, "is_deleted": false}}, {"model": "baserooter.programversion", "pk": 76, "fields": {"name": "20.2", "application": 111, "branch": null, "updated_by": null, "created_at": "2020-02-14T05:44:58Z", "updated_at": "2020-02-14T05:44:58Z", "deleted_at": null, "is_active": true, "is_deleted": false}}, {"model": "baserooter.programversion", "pk": 77, "fields": {"name": "20.2", "application": 119, "branch": null, "updated_by": null, "created_at": "2020-02-14T05:45:46Z", "updated_at": "2020-02-14T05:45:46Z", "deleted_at": null, "is_active": true, "is_deleted": false}}, {"model": "baserooter.programversion", "pk": 78, "fields": {"name": "20.2", "application": 120, "branch": null, "updated_by": null, "created_at": "2020-02-14T05:46:07Z", "updated_at": "2020-02-14T05:46:07Z", "deleted_at": null, "is_active": true, "is_deleted": false}}, {"model": "baserooter.programversion", "pk": 79, "fields": {"name": "19.10", "application": 121, "branch": null, "updated_by": null, "created_at": "2020-02-14T05:46:18Z", "updated_at": "2020-02-14T05:46:18Z", "deleted_at": null, "is_active": true, "is_deleted": false}}, {"model": "baserooter.programversion", "pk": 80, "fields": {"name": "20.2", "application": 122, "branch": null, "updated_by": null, "created_at": "2020-02-14T05:46:27Z", "updated_at": "2020-02-14T05:46:27Z", "deleted_at": null, "is_active": true, "is_deleted": false}}, {"model": "baserooter.programversion", "pk": 81, "fields": {"name": "20.2", "application": 130, "branch": null, "updated_by": null, "created_at": "2020-02-14T05:46:51Z", "updated_at": "2020-02-14T05:46:51Z", "deleted_at": null, "is_active": true, "is_deleted": false}}, {"model": "baserooter.programversion", "pk": 82, "fields": {"name": "20.2", "application": 131, "branch": null, "updated_by": null, "created_at": "2020-02-14T05:47:08Z", "updated_at": "2020-02-14T05:47:08Z", "deleted_at": null, "is_active": true, "is_deleted": false}}, {"model": "baserooter.programversion", "pk": 83, "fields": {"name": "19.10", "application": 132, "branch": null, "updated_by": null, "created_at": "2020-02-14T05:47:21Z", "updated_at": "2020-02-14T05:47:21Z", "deleted_at": null, "is_active": true, "is_deleted": false}}, {"model": "baserooter.programversion", "pk": 84, "fields": {"name": "20.2", "application": 133, "branch": null, "updated_by": null, "created_at": "2020-02-14T05:47:31Z", "updated_at": "2020-02-14T05:47:31Z", "deleted_at": null, "is_active": true, "is_deleted": false}}, {"model": "baserooter.programversion", "pk": 85, "fields": {"name": "20.2", "application": 141, "branch": null, "updated_by": null, "created_at": "2020-02-14T05:47:46Z", "updated_at": "2020-02-14T05:47:46Z", "deleted_at": null, "is_active": true, "is_deleted": false}}, {"model": "baserooter.programversion", "pk": 86, "fields": {"name": "20.2", "application": 142, "branch": null, "updated_by": null, "created_at": "2020-02-14T05:47:59Z", "updated_at": "2020-02-14T05:47:59Z", "deleted_at": null, "is_active": true, "is_deleted": false}}, {"model": "baserooter.programversion", "pk": 87, "fields": {"name": "19.10", "application": 143, "branch": null, "updated_by": null, "created_at": "2020-02-14T05:48:09Z", "updated_at": "2020-02-14T05:48:09Z", "deleted_at": null, "is_active": true, "is_deleted": false}}, {"model": "baserooter.programversion", "pk": 88, "fields": {"name": "20.2", "application": 144, "branch": null, "updated_by": null, "created_at": "2020-02-14T05:48:32Z", "updated_at": "2020-02-14T05:48:32Z", "deleted_at": null, "is_active": true, "is_deleted": false}}, {"model": "baserooter.programversion", "pk": 89, "fields": {"name": "20.2", "application": 152, "branch": null, "updated_by": null, "created_at": "2020-02-14T05:48:45Z", "updated_at": "2020-02-14T05:48:45Z", "deleted_at": null, "is_active": true, "is_deleted": false}}, {"model": "baserooter.programversion", "pk": 90, "fields": {"name": "19.11", "application": 153, "branch": null, "updated_by": null, "created_at": "2020-02-14T05:49:35Z", "updated_at": "2020-02-14T05:49:35Z", "deleted_at": null, "is_active": true, "is_deleted": false}}, {"model": "baserooter.programversion", "pk": 91, "fields": {"name": "20.1", "application": 154, "branch": null, "updated_by": null, "created_at": "2020-02-14T05:49:51Z", "updated_at": "2020-02-14T05:49:51Z", "deleted_at": null, "is_active": true, "is_deleted": false}}, {"model": "baserooter.programversion", "pk": 92, "fields": {"name": "20.2", "application": 155, "branch": null, "updated_by": null, "created_at": "2020-02-14T05:50:09Z", "updated_at": "2020-02-14T05:50:09Z", "deleted_at": null, "is_active": true, "is_deleted": false}}, {"model": "baserooter.programversion", "pk": 93, "fields": {"name": "20.2", "application": 156, "branch": null, "updated_by": null, "created_at": "2020-02-14T05:51:21Z", "updated_at": "2020-02-14T05:51:21Z", "deleted_at": null, "is_active": true, "is_deleted": false}}, {"model": "baserooter.programversion", "pk": 94, "fields": {"name": "20.2", "application": 157, "branch": null, "updated_by": null, "created_at": "2020-02-14T05:51:30Z", "updated_at": "2020-02-14T05:51:30Z", "deleted_at": null, "is_active": true, "is_deleted": false}}, {"model": "baserooter.programversion", "pk": 95, "fields": {"name": "20.2", "application": 158, "branch": null, "updated_by": null, "created_at": "2020-02-14T05:51:40Z", "updated_at": "2020-02-14T05:51:40Z", "deleted_at": null, "is_active": true, "is_deleted": false}}, {"model": "baserooter.programversion", "pk": 96, "fields": {"name": "20.1", "application": 159, "branch": null, "updated_by": null, "created_at": "2020-02-14T05:51:54Z", "updated_at": "2020-02-14T05:51:54Z", "deleted_at": null, "is_active": true, "is_deleted": false}}, {"model": "baserooter.programversion", "pk": 97, "fields": {"name": "20.1", "application": 160, "branch": null, "updated_by": null, "created_at": "2020-02-14T05:52:16Z", "updated_at": "2020-02-14T05:52:16Z", "deleted_at": null, "is_active": true, "is_deleted": false}}, {"model": "baserooter.programversion", "pk": 98, "fields": {"name": "20.2", "application": 162, "branch": null, "updated_by": null, "created_at": "2020-02-14T05:52:30Z", "updated_at": "2020-02-14T05:52:30Z", "deleted_at": null, "is_active": true, "is_deleted": false}}, {"model": "baserooter.programversion", "pk": 99, "fields": {"name": "20.2", "application": 166, "branch": null, "updated_by": null, "created_at": "2020-02-14T05:52:41Z", "updated_at": "2020-02-14T05:52:41Z", "deleted_at": null, "is_active": true, "is_deleted": false}}, {"model": "baserooter.programversion", "pk": 100, "fields": {"name": "20.2", "application": 169, "branch": null, "updated_by": null, "created_at": "2020-02-14T05:53:02Z", "updated_at": "2020-02-14T05:53:02Z", "deleted_at": null, "is_active": true, "is_deleted": false}}, {"model": "baserooter.applicationheader", "pk": 1, "fields": {"name": "Platform", "environment": 1, "application_type": 1, "created_at": "2020-02-13T10:40:04Z", "updated_at": "2020-02-13T10:40:04Z", "deleted_at": null, "is_active": true, "is_deleted": false}}, {"model": "baserooter.applicationheader", "pk": 2, "fields": {"name": "MainProgram", "environment": 1, "application_type": 1, "created_at": "2020-02-13T10:41:22Z", "updated_at": "2020-02-13T10:41:22Z", "deleted_at": null, "is_active": true, "is_deleted": false}}, {"model": "baserooter.applicationheader", "pk": 3, "fields": {"name": "Program", "environment": 1, "application_type": 1, "created_at": "2020-02-13T10:41:34Z", "updated_at": "2020-02-13T10:41:34Z", "deleted_at": null, "is_active": true, "is_deleted": false}}, {"model": "baserooter.applicationheader", "pk": 4, "fields": {"name": "App", "environment": 1, "application_type": 1, "created_at": "2020-02-13T10:41:46Z", "updated_at": "2020-02-13T10:41:46Z", "deleted_at": null, "is_active": true, "is_deleted": false}}, {"model": "baserooter.applicationheader", "pk": 5, "fields": {"name": "Reports", "environment": 1, "application_type": 1, "created_at": "2020-02-13T10:41:57Z", "updated_at": "2020-02-13T10:41:57Z", "deleted_at": null, "is_active": true, "is_deleted": false}}, {"model": "baserooter.applicationheader", "pk": 6, "fields": {"name": "Web", "environment": 1, "application_type": 1, "created_at": "2020-02-13T10:42:07Z", "updated_at": "2020-02-13T10:42:07Z", "deleted_at": null, "is_active": true, "is_deleted": false}}, {"model": "baserooter.applicationheader", "pk": 7, "fields": {"name": "Platform", "environment": 1, "application_type": 2, "created_at": "2020-02-13T10:42:13Z", "updated_at": "2020-02-13T10:42:13Z", "deleted_at": null, "is_active": true, "is_deleted": false}}, {"model": "baserooter.applicationheader", "pk": 8, "fields": {"name": "MainProgram", "environment": 1, "application_type": 2, "created_at": "2020-02-13T10:42:27Z", "updated_at": "2020-02-13T10:42:27Z", "deleted_at": null, "is_active": true, "is_deleted": false}}, {"model": "baserooter.applicationheader", "pk": 9, "fields": {"name": "Program", "environment": 1, "application_type": 2, "created_at": "2020-02-13T10:55:28.425Z", "updated_at": "2020-02-13T10:55:28.425Z", "deleted_at": null, "is_active": true, "is_deleted": false}}, {"model": "baserooter.applicationheader", "pk": 10, "fields": {"name": "App", "environment": 1, "application_type": 2, "created_at": "2020-02-13T11:00:25.587Z", "updated_at": "2020-02-13T11:00:25.587Z", "deleted_at": null, "is_active": true, "is_deleted": false}}, {"model": "baserooter.applicationheader", "pk": 11, "fields": {"name": "CE-UI", "environment": 1, "application_type": 2, "created_at": "2020-02-13T11:00:25.587Z", "updated_at": "2020-02-13T11:00:25.587Z", "deleted_at": null, "is_active": true, "is_deleted": false}}, {"model": "baserooter.applicationheader", "pk": 12, "fields": {"name": "Web", "environment": 1, "application_type": 2, "created_at": "2020-02-13T11:00:25.587Z", "updated_at": "2020-02-13T11:00:25.587Z", "deleted_at": null, "is_active": true, "is_deleted": false}}, {"model": "baserooter.applicationheader", "pk": 13, "fields": {"name": "Reports", "environment": 1, "application_type": 2, "created_at": "2020-02-13T11:00:25.587Z", "updated_at": "2020-02-13T11:00:25.587Z", "deleted_at": null, "is_active": true, "is_deleted": false}}, {"model": "baserooter.applicationheader", "pk": 14, "fields": {"name": "B2B", "environment": 1, "application_type": 2, "created_at": "2020-02-13T11:00:25.587Z", "updated_at": "2020-02-13T11:00:25.587Z", "deleted_at": null, "is_active": true, "is_deleted": false}}, {"model": "baserooter.applicationheader", "pk": 15, "fields": {"name": "Consumer", "environment": 1, "application_type": 2, "created_at": "2020-02-13T11:00:25.587Z", "updated_at": "2020-02-13T11:00:25.587Z", "deleted_at": null, "is_active": true, "is_deleted": false}}, {"model": "baserooter.applicationheader", "pk": 16, "fields": {"name": "SelfServe", "environment": 1, "application_type": 2, "created_at": "2020-02-13T11:00:25.587Z", "updated_at": "2020-02-13T11:00:25.587Z", "deleted_at": null, "is_active": true, "is_deleted": false}}, {"model": "baserooter.applicationheader", "pk": 17, "fields": {"name": "B2BUI", "environment": 1, "application_type": 2, "created_at": "2020-02-13T11:00:25.587Z", "updated_at": "2020-02-13T11:00:25.587Z", "deleted_at": null, "is_active": true, "is_deleted": false}}, {"model": "baserooter.applicationheader", "pk": 18, "fields": {"name": "FN", "environment": 1, "application_type": 2, "created_at": "2020-02-13T11:00:25.587Z", "updated_at": "2020-02-13T11:00:25.587Z", "deleted_at": null, "is_active": true, "is_deleted": false}}, {"model": "baserooter.applicationheader", "pk": 19, "fields": {"name": "QiS", "environment": 1, "application_type": 2, "created_at": "2020-02-13T11:00:25.587Z", "updated_at": "2020-02-13T11:00:25.587Z", "deleted_at": null, "is_active": true, "is_deleted": false}}, {"model": "baserooter.applicationheader", "pk": 20, "fields": {"name": "CSR", "environment": 1, "application_type": 2, "created_at": "2020-02-13T11:00:25.587Z", "updated_at": "2020-02-13T11:00:25.587Z", "deleted_at": null, "is_active": true, "is_deleted": false}}, {"model": "baserooter.applicationheader", "pk": 21, "fields": {"name": "Platform", "environment": 1, "application_type": 3, "created_at": "2020-02-13T11:05:29.229Z", "updated_at": "2020-02-13T11:05:29.229Z", "deleted_at": null, "is_active": true, "is_deleted": false}}, {"model": "baserooter.applicationheader", "pk": 22, "fields": {"name": "HC-App", "environment": 1, "application_type": 3, "created_at": "2020-02-13T11:05:29.229Z", "updated_at": "2020-02-13T11:05:29.229Z", "deleted_at": null, "is_active": true, "is_deleted": false}}, {"model": "baserooter.applicationheader", "pk": 23, "fields": {"name": "HC-Web", "environment": 1, "application_type": 3, "created_at": "2020-02-13T11:05:29.229Z", "updated_at": "2020-02-13T11:05:29.229Z", "deleted_at": null, "is_active": true, "is_deleted": false}}, {"model": "baserooter.applicationheader", "pk": 24, "fields": {"name": "B2B", "environment": 1, "application_type": 3, "created_at": "2020-02-13T11:05:29.229Z", "updated_at": "2020-02-13T11:05:29.229Z", "deleted_at": null, "is_active": true, "is_deleted": false}}, {"model": "baserooter.applicationheader", "pk": 25, "fields": {"name": "CE-Search", "environment": 1, "application_type": 3, "created_at": "2020-02-13T11:05:29.229Z", "updated_at": "2020-02-13T11:05:29.229Z", "deleted_at": null, "is_active": true, "is_deleted": false}}, {"model": "baserooter.applicationheader", "pk": 26, "fields": {"name": "IVS", "environment": 1, "application_type": 3, "created_at": "2020-02-13T11:05:29.229Z", "updated_at": "2020-02-13T11:05:29.229Z", "deleted_at": null, "is_active": true, "is_deleted": false}}, {"model": "baserooter.applicationheader", "pk": 27, "fields": {"name": "Pricing", "environment": 1, "application_type": 3, "created_at": "2020-02-13T11:05:29.229Z", "updated_at": "2020-02-13T11:05:29.229Z", "deleted_at": null, "is_active": true, "is_deleted": false}}, {"model": "baserooter.applicationheader", "pk": 28, "fields": {"name": "Notifier", "environment": 1, "application_type": 3, "created_at": "2020-02-13T11:05:29.229Z", "updated_at": "2020-02-13T11:05:29.229Z", "deleted_at": null, "is_active": true, "is_deleted": false}}, {"model": "baserooter.applicationheader", "pk": 29, "fields": {"name": "CTB/HiG", "environment": 1, "application_type": 3, "created_at": "2020-02-13T11:05:29.229Z", "updated_at": "2020-02-13T11:05:29.229Z", "deleted_at": null, "is_active": true, "is_deleted": false}}, {"model": "baserooter.applicationheader", "pk": 30, "fields": {"name": "HAAS", "environment": 1, "application_type": 3, "created_at": "2020-02-13T11:05:29.229Z", "updated_at": "2020-02-13T11:05:29.229Z", "deleted_at": null, "is_active": true, "is_deleted": false}}, {"model": "baserooter.applicationheader", "pk": 31, "fields": {"name": "HSS", "environment": 1, "application_type": 3, "created_at": "2020-02-13T11:05:29.229Z", "updated_at": "2020-02-13T11:05:29.229Z", "deleted_at": null, "is_active": true, "is_deleted": false}}, {"model": "baserooter.applicationheader", "pk": 32, "fields": {"name": "Dock_Receipt", "environment": 1, "application_type": 3, "created_at": "2020-02-13T11:05:29.229Z", "updated_at": "2020-02-13T11:05:29.229Z", "deleted_at": null, "is_active": true, "is_deleted": false}}, {"model": "baserooter.applicationheader", "pk": 33, "fields": {"name": "Email_Service", "environment": 1, "application_type": 3, "created_at": "2020-02-13T11:05:29.229Z", "updated_at": "2020-02-13T11:05:29.229Z", "deleted_at": null, "is_active": true, "is_deleted": false}}, {"model": "baserooter.deploymentrequest", "pk": 7, "fields": {"program_version": 1, "requested_branch": "{'env_id': 2, 'app_type_id': 1, 'program_id': 1, 'app_id': 1, 'version_id': 1, 'old_version': '20.3', 'new_version': 20.5}", "requested_by": "aman1@gmail.com", "description": "Hi this is test deemo", "technician_id": 1, "status": "hold", "created_at": "2020-02-18T07:31:27.969Z", "updated_at": "2020-02-18T07:31:27.970Z", "deleted_at": null, "is_active": true, "is_deleted": false}}, {"model": "baserooter.deploymentrequest", "pk": 8, "fields": {"program_version": 1, "requested_branch": "{'env_id': 2, 'app_type_id': 1, 'program_id': 1, 'app_id': 1, 'version_id': 1, 'old_version': '20.3', 'new_version': 20.5}", "requested_by": "aman1@gmail.com", "description": "Hi this is test deemo", "technician_id": 1, "status": "wait", "created_at": "2020-02-19T12:39:45.284Z", "updated_at": "2020-02-19T12:39:45.284Z", "deleted_at": null, "is_active": true, "is_deleted": false}}, {"model": "baserooter.deploymentrequest", "pk": 9, "fields": {"program_version": 2, "requested_branch": "{'env_id': 2, 'app_type_id': 1, 'program_id': 1, 'app_id': 2, 'version_id': '2', 'old_version': '20.2', 'new_version': '23'}", "requested_by": "aman@gmail.com", "description": "Hi this is test", "technician_id": 2, "status": "hold", "created_at": "2020-02-19T12:56:46.457Z", "updated_at": "2020-02-19T12:56:46.457Z", "deleted_at": null, "is_active": true, "is_deleted": false}}, {"model": "baserooter.deploymentrequest", "pk": 10, "fields": {"program_version": 1, "requested_branch": "{'env_id': 2, 'app_type_id': 1, 'program_id': 1, 'app_id': 1, 'version_id': 1, 'old_version': '20.2', 'new_version': 20.5}", "requested_by": "aman1@gmail.com", "description": "Hi this is test deemo", "technician_id": 1, "status": "wait", "created_at": "2020-02-20T12:11:42.473Z", "updated_at": "2020-02-20T12:11:42.473Z", "deleted_at": null, "is_active": true, "is_deleted": false}}, {"model": "baserooter.requestnormal", "pk": 1, "fields": {"title": "changes app version to 20.3", "description": "i want to change version fromm 24 njbnjcsnb", "attachment": "", "status": "Open", "requested_by": "aman@gmail.com", "created_at": "2020-02-14T11:31:48.118Z", "updated_at": "2020-02-14T11:31:48.118Z", "deleted_at": null, "is_active": true, "is_deleted": false}}, {"model": "baserooter.requestnormal", "pk": 2, "fields": {"title": "app versioin change", "description": "rehjndexzmnjx", "attachment": "uploads/Screenshot_from_2020-01-31_10-35-25.png", "status": "pending", "requested_by": "amansa@gmail.com", "created_at": "2020-02-14T11:32:48Z", "updated_at": "2020-02-14T11:32:48Z", "deleted_at": null, "is_active": true, "is_deleted": false}}, {"model": "baserooter.requestnormal", "pk": 3, "fields": {"title": "changes app version to 20.3", "description": "i want to change version fromm 24 njbnjcsnb", "attachment": "uploads/Screenshot_from_2020-01-31_10-35-25_94rviBo.png", "status": "Open", "requested_by": "aman@gmail.com", "created_at": "2020-02-17T04:07:19.643Z", "updated_at": "2020-02-17T04:07:19.643Z", "deleted_at": null, "is_active": true, "is_deleted": false}}, {"model": "baserooter.requestnormal", "pk": 4, "fields": {"title": "changes app version to 20.3", "description": "i want to change version fromm 24 njbnjcsnb", "attachment": "uploads/Screenshot_from_2020-01-31_10-35-25_ulSlX3e.png", "status": "Open", "requested_by": "aman@gmail.com", "created_at": "2020-02-17T13:03:08.972Z", "updated_at": "2020-02-17T13:03:08.972Z", "deleted_at": null, "is_active": true, "is_deleted": false}}, {"model": "baserooter.requestnormal", "pk": 5, "fields": {"title": "changes app version to 20.3", "description": "i want to change version fromm 24 njbnjcsnb", "attachment": "uploads/Screenshot_from_2020-01-31_10-35-25_TrQHIeV.png", "status": "Open", "requested_by": "aman@gmail.com", "created_at": "2020-02-19T09:43:39.070Z", "updated_at": "2020-02-19T09:43:39.070Z", "deleted_at": null, "is_active": true, "is_deleted": false}}, {"model": "baserooter.requestnormal", "pk": 6, "fields": {"title": "changes app version to 20.3", "description": "i want to change version fromm 24 njbnjcsnb", "attachment": "uploads/Screenshot_from_2020-01-31_10-35-25_tWbgsUr.png", "status": "Open", "requested_by": "aman@gmail.com", "created_at": "2020-02-19T12:03:52.581Z", "updated_at": "2020-02-19T12:03:52.581Z", "deleted_at": null, "is_active": true, "is_deleted": false}}, {"model": "baserooter.requestnormal", "pk": 7, "fields": {"title": "Hi this is test", "description": "Hi this is test", "attachment": "", "status": "hold", "requested_by": "aman@gmail.com", "created_at": "2020-02-19T12:56:06.200Z", "updated_at": "2020-02-19T12:56:06.200Z", "deleted_at": null, "is_active": true, "is_deleted": false}}, {"model": "baserooter.requestnormal", "pk": 8, "fields": {"title": "changes app version to 20.3", "description": "i want to change version fromm 24 njbnjcsnb", "attachment": "uploads/Screenshot_from_2020-01-31_10-35-25.png", "status": "Open", "requested_by": "aman@gmail.com", "created_at": "2020-02-20T12:10:09.601Z", "updated_at": "2020-02-20T12:10:09.601Z", "deleted_at": null, "is_active": true, "is_deleted": false}}, {"model": "baserooter.requestnormal", "pk": 9, "fields": {"title": "changes app version to 20.3", "description": "i want to change version fromm 24 njbnjcsnb", "attachment": "uploads/Screenshot_from_2020-01-31_10-35-25_pXmiD91.png", "status": "Open", "requested_by": "aman@gmail.com", "created_at": "2020-02-21T11:51:48.131Z", "updated_at": "2020-02-21T11:51:48.131Z", "deleted_at": null, "is_active": true, "is_deleted": false}}, {"model": "baserooter.requestnormal", "pk": 10, "fields": {"title": "sad", "description": "sd sdd sad", "attachment": "uploads/normal_Request.png", "status": "open", "requested_by": "aman1@gmail.com", "created_at": "2020-02-21T11:55:15.002Z", "updated_at": "2020-02-21T11:55:15.002Z", "deleted_at": null, "is_active": true, "is_deleted": false}}, {"model": "auth.permission", "pk": 1, "fields": {"name": "Can add log entry", "content_type": 1, "codename": "add_logentry"}}, {"model": "auth.permission", "pk": 2, "fields": {"name": "Can change log entry", "content_type": 1, "codename": "change_logentry"}}, {"model": "auth.permission", "pk": 3, "fields": {"name": "Can delete log entry", "content_type": 1, "codename": "delete_logentry"}}, {"model": "auth.permission", "pk": 4, "fields": {"name": "Can view log entry", "content_type": 1, "codename": "view_logentry"}}, {"model": "auth.permission", "pk": 5, "fields": {"name": "Can add permission", "content_type": 2, "codename": "add_permission"}}, {"model": "auth.permission", "pk": 6, "fields": {"name": "Can change permission", "content_type": 2, "codename": "change_permission"}}, {"model": "auth.permission", "pk": 7, "fields": {"name": "Can delete permission", "content_type": 2, "codename": "delete_permission"}}, {"model": "auth.permission", "pk": 8, "fields": {"name": "Can view permission", "content_type": 2, "codename": "view_permission"}}, {"model": "auth.permission", "pk": 9, "fields": {"name": "Can add group", "content_type": 3, "codename": "add_group"}}, {"model": "auth.permission", "pk": 10, "fields": {"name": "Can change group", "content_type": 3, "codename": "change_group"}}, {"model": "auth.permission", "pk": 11, "fields": {"name": "Can delete group", "content_type": 3, "codename": "delete_group"}}, {"model": "auth.permission", "pk": 12, "fields": {"name": "Can view group", "content_type": 3, "codename": "view_group"}}, {"model": "auth.permission", "pk": 13, "fields": {"name": "Can add content type", "content_type": 4, "codename": "add_contenttype"}}, {"model": "auth.permission", "pk": 14, "fields": {"name": "Can change content type", "content_type": 4, "codename": "change_contenttype"}}, {"model": "auth.permission", "pk": 15, "fields": {"name": "Can delete content type", "content_type": 4, "codename": "delete_contenttype"}}, {"model": "auth.permission", "pk": 16, "fields": {"name": "Can view content type", "content_type": 4, "codename": "view_contenttype"}}, {"model": "auth.permission", "pk": 17, "fields": {"name": "Can add session", "content_type": 5, "codename": "add_session"}}, {"model": "auth.permission", "pk": 18, "fields": {"name": "Can change session", "content_type": 5, "codename": "change_session"}}, {"model": "auth.permission", "pk": 19, "fields": {"name": "Can delete session", "content_type": 5, "codename": "delete_session"}}, {"model": "auth.permission", "pk": 20, "fields": {"name": "Can view session", "content_type": 5, "codename": "view_session"}}, {"model": "auth.permission", "pk": 21, "fields": {"name": "Can add user", "content_type": 6, "codename": "add_user"}}, {"model": "auth.permission", "pk": 22, "fields": {"name": "Can change user", "content_type": 6, "codename": "change_user"}}, {"model": "auth.permission", "pk": 23, "fields": {"name": "Can delete user", "content_type": 6, "codename": "delete_user"}}, {"model": "auth.permission", "pk": 24, "fields": {"name": "Can view user", "content_type": 6, "codename": "view_user"}}, {"model": "auth.permission", "pk": 25, "fields": {"name": "Can add application", "content_type": 7, "codename": "add_application"}}, {"model": "auth.permission", "pk": 26, "fields": {"name": "Can change application", "content_type": 7, "codename": "change_application"}}, {"model": "auth.permission", "pk": 27, "fields": {"name": "Can delete application", "content_type": 7, "codename": "delete_application"}}, {"model": "auth.permission", "pk": 28, "fields": {"name": "Can view application", "content_type": 7, "codename": "view_application"}}, {"model": "auth.permission", "pk": 29, "fields": {"name": "Can add application header", "content_type": 8, "codename": "add_applicationheader"}}, {"model": "auth.permission", "pk": 30, "fields": {"name": "Can change application header", "content_type": 8, "codename": "change_applicationheader"}}, {"model": "auth.permission", "pk": 31, "fields": {"name": "Can delete application header", "content_type": 8, "codename": "delete_applicationheader"}}, {"model": "auth.permission", "pk": 32, "fields": {"name": "Can view application header", "content_type": 8, "codename": "view_applicationheader"}}, {"model": "auth.permission", "pk": 33, "fields": {"name": "Can add application type", "content_type": 9, "codename": "add_applicationtype"}}, {"model": "auth.permission", "pk": 34, "fields": {"name": "Can change application type", "content_type": 9, "codename": "change_applicationtype"}}, {"model": "auth.permission", "pk": 35, "fields": {"name": "Can delete application type", "content_type": 9, "codename": "delete_applicationtype"}}, {"model": "auth.permission", "pk": 36, "fields": {"name": "Can view application type", "content_type": 9, "codename": "view_applicationtype"}}, {"model": "auth.permission", "pk": 37, "fields": {"name": "Can add deployment request", "content_type": 10, "codename": "add_deploymentrequest"}}, {"model": "auth.permission", "pk": 38, "fields": {"name": "Can change deployment request", "content_type": 10, "codename": "change_deploymentrequest"}}, {"model": "auth.permission", "pk": 39, "fields": {"name": "Can delete deployment request", "content_type": 10, "codename": "delete_deploymentrequest"}}, {"model": "auth.permission", "pk": 40, "fields": {"name": "Can view deployment request", "content_type": 10, "codename": "view_deploymentrequest"}}, {"model": "auth.permission", "pk": 41, "fields": {"name": "Can add environment", "content_type": 11, "codename": "add_environment"}}, {"model": "auth.permission", "pk": 42, "fields": {"name": "Can change environment", "content_type": 11, "codename": "change_environment"}}, {"model": "auth.permission", "pk": 43, "fields": {"name": "Can delete environment", "content_type": 11, "codename": "delete_environment"}}, {"model": "auth.permission", "pk": 44, "fields": {"name": "Can view environment", "content_type": 11, "codename": "view_environment"}}, {"model": "auth.permission", "pk": 45, "fields": {"name": "Can add program", "content_type": 12, "codename": "add_program"}}, {"model": "auth.permission", "pk": 46, "fields": {"name": "Can change program", "content_type": 12, "codename": "change_program"}}, {"model": "auth.permission", "pk": 47, "fields": {"name": "Can delete program", "content_type": 12, "codename": "delete_program"}}, {"model": "auth.permission", "pk": 48, "fields": {"name": "Can view program", "content_type": 12, "codename": "view_program"}}, {"model": "auth.permission", "pk": 49, "fields": {"name": "Can add program version", "content_type": 13, "codename": "add_programversion"}}, {"model": "auth.permission", "pk": 50, "fields": {"name": "Can change program version", "content_type": 13, "codename": "change_programversion"}}, {"model": "auth.permission", "pk": 51, "fields": {"name": "Can delete program version", "content_type": 13, "codename": "delete_programversion"}}, {"model": "auth.permission", "pk": 52, "fields": {"name": "Can view program version", "content_type": 13, "codename": "view_programversion"}}, {"model": "auth.permission", "pk": 53, "fields": {"name": "Can add request normal", "content_type": 14, "codename": "add_requestnormal"}}, {"model": "auth.permission", "pk": 54, "fields": {"name": "Can change request normal", "content_type": 14, "codename": "change_requestnormal"}}, {"model": "auth.permission", "pk": 55, "fields": {"name": "Can delete request normal", "content_type": 14, "codename": "delete_requestnormal"}}, {"model": "auth.permission", "pk": 56, "fields": {"name": "Can view request normal", "content_type": 14, "codename": "view_requestnormal"}}, {"model": "auth.permission", "pk": 57, "fields": {"name": "Can add role", "content_type": 15, "codename": "add_role"}}, {"model": "auth.permission", "pk": 58, "fields": {"name": "Can change role", "content_type": 15, "codename": "change_role"}}, {"model": "auth.permission", "pk": 59, "fields": {"name": "Can delete role", "content_type": 15, "codename": "delete_role"}}, {"model": "auth.permission", "pk": 60, "fields": {"name": "Can view role", "content_type": 15, "codename": "view_role"}}, {"model": "baserooter.user", "pk": 1, "fields": {"last_login": null, "is_superuser": true, "first_name": "rooter", "last_name": "", "email": "rooter@gmail.com", "password": "pbkdf2_sha256$180000$8WcCNxdjKOMA$Ay7DTVCd9jXMR93dpYy3aUy1d9g7IsUVaB+/v9LLdcM=", "phone_no": null, "role": null, "is_active": true, "is_deleted": false, "is_staff": true, "created_at": "2020-02-21T10:55:39.718Z", "updated_at": "2020-02-21T10:55:39.718Z", "deleted_at": null, "groups": [], "user_permissions": []}}, {"model": "baserooter.user", "pk": 2, "fields": {"last_login": "2020-02-21T11:52:45.899Z", "is_superuser": true, "first_name": "aman", "last_name": "singh", "email": "aman1@gmail.com", "password": "pbkdf2_sha256$180000$CCBFuc4Pr6Gl$XtyuzKFAZgAp81wCgcwrQq+T0Rwfsq9haCdr6R31oYk=", "phone_no": null, "role": null, "is_active": true, "is_deleted": false, "is_staff": true, "created_at": "2020-02-21T10:56:52.135Z", "updated_at": "2020-02-21T10:56:52.135Z", "deleted_at": null, "groups": [], "user_permissions": []}}, {"model": "baserooter.user", "pk": 3, "fields": {"last_login": "2020-02-21T11:22:50.740Z", "is_superuser": false, "first_name": "aman", "last_name": "singh", "email": "amanaq@gmail.com", "password": "pbkdf2_sha256$180000$gX6XXKytar3I$b87IKyISI+Rsj/DM1V/FAIJyYNQd9ULXSIf0I9PdnNM=", "phone_no": null, "role": null, "is_active": true, "is_deleted": false, "is_staff": false, "created_at": "2020-02-21T11:20:43.974Z", "updated_at": "2020-02-21T11:20:43.974Z", "deleted_at": null, "groups": [], "user_permissions": []}}, {"model": "admin.logentry", "pk": 1, "fields": {"action_time": "2020-02-13T10:32:42.075Z", "user": 1, "content_type": 9, "object_id": "1", "object_repr": "DEV(1)", "action_flag": 1, "change_message": "[{\"added\": {}}]"}}, {"model": "admin.logentry", "pk": 2, "fields": {"action_time": "2020-02-13T10:32:45.855Z", "user": 1, "content_type": 9, "object_id": "2", "object_repr": "QA(2)", "action_flag": 1, "change_message": "[{\"added\": {}}]"}}, {"model": "admin.logentry", "pk": 3, "fields": {"action_time": "2020-02-13T10:35:12.235Z", "user": 1, "content_type": 9, "object_id": "3", "object_repr": "UAT(3)", "action_flag": 1, "change_message": "[{\"added\": {}}]"}}, {"model": "admin.logentry", "pk": 4, "fields": {"action_time": "2020-02-13T10:35:18.639Z", "user": 1, "content_type": 9, "object_id": "4", "object_repr": "QA-PROD(4)", "action_flag": 1, "change_message": "[{\"added\": {}}]"}}, {"model": "admin.logentry", "pk": 5, "fields": {"action_time": "2020-02-13T10:35:23.559Z", "user": 1, "content_type": 9, "object_id": "5", "object_repr": "PROD(5)", "action_flag": 1, "change_message": "[{\"added\": {}}]"}}, {"model": "admin.logentry", "pk": 6, "fields": {"action_time": "2020-02-13T10:35:44.069Z", "user": 1, "content_type": 8, "object_id": "1", "object_repr": "CEW(1)", "action_flag": 1, "change_message": "[{\"added\": {}}]"}}, {"model": "admin.logentry", "pk": 7, "fields": {"action_time": "2020-02-13T10:36:08.559Z", "user": 1, "content_type": 8, "object_id": "2", "object_repr": "CE(2)", "action_flag": 1, "change_message": "[{\"added\": {}}]"}}, {"model": "admin.logentry", "pk": 8, "fields": {"action_time": "2020-02-13T10:36:17.098Z", "user": 1, "content_type": 8, "object_id": "3", "object_repr": "CS(3)", "action_flag": 1, "change_message": "[{\"added\": {}}]"}}, {"model": "admin.logentry", "pk": 9, "fields": {"action_time": "2020-02-13T10:41:22.351Z", "user": 1, "content_type": 12, "object_id": "1", "object_repr": "Platform(1)", "action_flag": 1, "change_message": "[{\"added\": {}}]"}}, {"model": "admin.logentry", "pk": 10, "fields": {"action_time": "2020-02-13T10:41:34.152Z", "user": 1, "content_type": 12, "object_id": "2", "object_repr": "MainProgram(2)", "action_flag": 1, "change_message": "[{\"added\": {}}]"}}, {"model": "admin.logentry", "pk": 11, "fields": {"action_time": "2020-02-13T10:41:46.541Z", "user": 1, "content_type": 12, "object_id": "3", "object_repr": "Program(3)", "action_flag": 1, "change_message": "[{\"added\": {}}]"}}, {"model": "admin.logentry", "pk": 12, "fields": {"action_time": "2020-02-13T10:41:57.666Z", "user": 1, "content_type": 12, "object_id": "4", "object_repr": "App(4)", "action_flag": 1, "change_message": "[{\"added\": {}}]"}}, {"model": "admin.logentry", "pk": 13, "fields": {"action_time": "2020-02-13T10:42:07.333Z", "user": 1, "content_type": 12, "object_id": "5", "object_repr": "Reports(5)", "action_flag": 1, "change_message": "[{\"added\": {}}]"}}, {"model": "admin.logentry", "pk": 14, "fields": {"action_time": "2020-02-13T10:42:13.546Z", "user": 1, "content_type": 12, "object_id": "6", "object_repr": "Web(6)", "action_flag": 1, "change_message": "[{\"added\": {}}]"}}, {"model": "admin.logentry", "pk": 15, "fields": {"action_time": "2020-02-13T10:42:27.514Z", "user": 1, "content_type": 12, "object_id": "7", "object_repr": "Platform(7)", "action_flag": 1, "change_message": "[{\"added\": {}}]"}}, {"model": "admin.logentry", "pk": 16, "fields": {"action_time": "2020-02-13T10:42:48.969Z", "user": 1, "content_type": 12, "object_id": "8", "object_repr": "MainProgram(8)", "action_flag": 1, "change_message": "[{\"added\": {}}]"}}, {"model": "admin.logentry", "pk": 17, "fields": {"action_time": "2020-02-13T11:06:27.801Z", "user": 1, "content_type": 10, "object_id": "1", "object_repr": "USCC(1)", "action_flag": 1, "change_message": "[{\"added\": {}}]"}}, {"model": "admin.logentry", "pk": 18, "fields": {"action_time": "2020-02-13T11:24:58.579Z", "user": 1, "content_type": 7, "object_id": "1", "object_repr": "App(1)", "action_flag": 1, "change_message": "[{\"added\": {}}]"}}, {"model": "admin.logentry", "pk": 19, "fields": {"action_time": "2020-02-13T12:07:58.751Z", "user": 1, "content_type": 11, "object_id": "1", "object_repr": "20.2(App(1))", "action_flag": 1, "change_message": "[{\"added\": {}}]"}}, {"model": "admin.logentry", "pk": 20, "fields": {"action_time": "2020-02-13T12:36:13.394Z", "user": 1, "content_type": 11, "object_id": "31", "object_repr": "20.2(App(31))", "action_flag": 1, "change_message": "[{\"added\": {}}]"}}, {"model": "admin.logentry", "pk": 21, "fields": {"action_time": "2020-02-13T12:46:27.184Z", "user": 1, "content_type": 11, "object_id": "32", "object_repr": "20.2(CE-UI(32))", "action_flag": 1, "change_message": "[{\"added\": {}}]"}}, {"model": "admin.logentry", "pk": 22, "fields": {"action_time": "2020-02-13T12:46:53.631Z", "user": 1, "content_type": 11, "object_id": "33", "object_repr": "19.10(Web(33))", "action_flag": 1, "change_message": "[{\"added\": {}}]"}}, {"model": "admin.logentry", "pk": 23, "fields": {"action_time": "2020-02-13T12:47:12.796Z", "user": 1, "content_type": 11, "object_id": "34", "object_repr": "20.2(Reports(34))", "action_flag": 1, "change_message": "[{\"added\": {}}]"}}, {"model": "admin.logentry", "pk": 24, "fields": {"action_time": "2020-02-13T12:47:30.719Z", "user": 1, "content_type": 11, "object_id": "35", "object_repr": "20.1(Consumer(36))", "action_flag": 1, "change_message": "[{\"added\": {}}]"}}, {"model": "admin.logentry", "pk": 25, "fields": {"action_time": "2020-02-14T05:05:53.704Z", "user": 1, "content_type": 11, "object_id": "36", "object_repr": "pilot(App(42))", "action_flag": 1, "change_message": "[{\"added\": {}}]"}}, {"model": "admin.logentry", "pk": 26, "fields": {"action_time": "2020-02-14T05:06:30.247Z", "user": 1, "content_type": 11, "object_id": "37", "object_repr": "master(CE-UI(43))", "action_flag": 1, "change_message": "[{\"added\": {}}]"}}, {"model": "admin.logentry", "pk": 27, "fields": {"action_time": "2020-02-14T05:06:38.460Z", "user": 1, "content_type": 11, "object_id": "38", "object_repr": "master(Web(44))", "action_flag": 1, "change_message": "[{\"added\": {}}]"}}, {"model": "admin.logentry", "pk": 28, "fields": {"action_time": "2020-02-14T05:06:54.661Z", "user": 1, "content_type": 11, "object_id": "39", "object_repr": "master(Reports(45))", "action_flag": 1, "change_message": "[{\"added\": {}}]"}}, {"model": "admin.logentry", "pk": 29, "fields": {"action_time": "2020-02-14T05:07:14.498Z", "user": 1, "content_type": 11, "object_id": "40", "object_repr": "pilot(B2B(46))", "action_flag": 1, "change_message": "[{\"added\": {}}]"}}, {"model": "admin.logentry", "pk": 30, "fields": {"action_time": "2020-02-14T05:07:36.408Z", "user": 1, "content_type": 11, "object_id": "41", "object_repr": "master(SelfServe(48))", "action_flag": 1, "change_message": "[{\"added\": {}}]"}}, {"model": "admin.logentry", "pk": 31, "fields": {"action_time": "2020-02-14T05:07:43.579Z", "user": 1, "content_type": 11, "object_id": "42", "object_repr": "master(B2BUI(49))", "action_flag": 1, "change_message": "[{\"added\": {}}]"}}, {"model": "admin.logentry", "pk": 32, "fields": {"action_time": "2020-02-14T05:09:45.513Z", "user": 1, "content_type": 11, "object_id": "43", "object_repr": "20.2(App(53))", "action_flag": 1, "change_message": "[{\"added\": {}}]"}}, {"model": "admin.logentry", "pk": 33, "fields": {"action_time": "2020-02-14T05:10:08.054Z", "user": 1, "content_type": 11, "object_id": "44", "object_repr": "20.2(CE-UI(54))", "action_flag": 1, "change_message": "[{\"added\": {}}]"}}, {"model": "admin.logentry", "pk": 34, "fields": {"action_time": "2020-02-14T05:10:32.589Z", "user": 1, "content_type": 11, "object_id": "45", "object_repr": "19.10(Web(55))", "action_flag": 1, "change_message": "[{\"added\": {}}]"}}, {"model": "admin.logentry", "pk": 35, "fields": {"action_time": "2020-02-14T05:10:51.701Z", "user": 1, "content_type": 11, "object_id": "46", "object_repr": "20.2(Reports(56))", "action_flag": 1, "change_message": "[{\"added\": {}}]"}}, {"model": "admin.logentry", "pk": 36, "fields": {"action_time": "2020-02-14T05:11:17.366Z", "user": 1, "content_type": 11, "object_id": "47", "object_repr": "20.1(SelfServe(59))", "action_flag": 1, "change_message": "[{\"added\": {}}]"}}, {"model": "admin.logentry", "pk": 37, "fields": {"action_time": "2020-02-14T05:12:19.656Z", "user": 1, "content_type": 11, "object_id": "47", "object_repr": "20.1(B2B(57))", "action_flag": 2, "change_message": "[{\"changed\": {\"fields\": [\"Application\"]}}]"}}, {"model": "admin.logentry", "pk": 38, "fields": {"action_time": "2020-02-14T05:12:41.068Z", "user": 1, "content_type": 11, "object_id": "48", "object_repr": "19.10(SelfServe(59))", "action_flag": 1, "change_message": "[{\"added\": {}}]"}}, {"model": "admin.logentry", "pk": 39, "fields": {"action_time": "2020-02-14T05:12:52.599Z", "user": 1, "content_type": 11, "object_id": "49", "object_repr": "20.2.3(B2BUI(60))", "action_flag": 1, "change_message": "[{\"added\": {}}]"}}, {"model": "admin.logentry", "pk": 40, "fields": {"action_time": "2020-02-14T05:14:02.138Z", "user": 1, "content_type": 11, "object_id": "50", "object_repr": "20.2(App(64))", "action_flag": 1, "change_message": "[{\"added\": {}}]"}}, {"model": "admin.logentry", "pk": 41, "fields": {"action_time": "2020-02-14T05:14:24.546Z", "user": 1, "content_type": 11, "object_id": "51", "object_repr": "20.2(CE-UI(65))", "action_flag": 1, "change_message": "[{\"added\": {}}]"}}, {"model": "admin.logentry", "pk": 42, "fields": {"action_time": "2020-02-14T05:14:43.300Z", "user": 1, "content_type": 11, "object_id": "52", "object_repr": "19.10(Web(66))", "action_flag": 1, "change_message": "[{\"added\": {}}]"}}, {"model": "admin.logentry", "pk": 43, "fields": {"action_time": "2020-02-14T05:14:55.532Z", "user": 1, "content_type": 11, "object_id": "53", "object_repr": "20.2(Reports(67))", "action_flag": 1, "change_message": "[{\"added\": {}}]"}}, {"model": "admin.logentry", "pk": 44, "fields": {"action_time": "2020-02-14T05:31:17.036Z", "user": 1, "content_type": 11, "object_id": "54", "object_repr": "20.2(App(75))", "action_flag": 1, "change_message": "[{\"added\": {}}]"}}, {"model": "admin.logentry", "pk": 45, "fields": {"action_time": "2020-02-14T05:32:15.127Z", "user": 1, "content_type": 11, "object_id": "54", "object_repr": "master(App(75))", "action_flag": 2, "change_message": "[{\"changed\": {\"fields\": [\"Name\"]}}]"}}, {"model": "admin.logentry", "pk": 46, "fields": {"action_time": "2020-02-14T05:32:25.180Z", "user": 1, "content_type": 11, "object_id": "55", "object_repr": "master(CE-UI(76))", "action_flag": 1, "change_message": "[{\"added\": {}}]"}}, {"model": "admin.logentry", "pk": 47, "fields": {"action_time": "2020-02-14T05:32:33.087Z", "user": 1, "content_type": 11, "object_id": "56", "object_repr": "master(Web(77))", "action_flag": 1, "change_message": "[{\"added\": {}}]"}}, {"model": "admin.logentry", "pk": 48, "fields": {"action_time": "2020-02-14T05:32:43.914Z", "user": 1, "content_type": 11, "object_id": "57", "object_repr": "master(Reports(78))", "action_flag": 1, "change_message": "[{\"added\": {}}]"}}, {"model": "admin.logentry", "pk": 49, "fields": {"action_time": "2020-02-14T05:33:11.410Z", "user": 1, "content_type": 11, "object_id": "58", "object_repr": "20.2(App(86))", "action_flag": 1, "change_message": "[{\"added\": {}}]"}}, {"model": "admin.logentry", "pk": 50, "fields": {"action_time": "2020-02-14T05:33:18.986Z", "user": 1, "content_type": 11, "object_id": "59", "object_repr": "20.2(CE-UI(87))", "action_flag": 1, "change_message": "[{\"added\": {}}]"}}, {"model": "admin.logentry", "pk": 51, "fields": {"action_time": "2020-02-14T05:33:31.388Z", "user": 1, "content_type": 11, "object_id": "60", "object_repr": "19.10(Web(88))", "action_flag": 1, "change_message": "[{\"added\": {}}]"}}, {"model": "admin.logentry", "pk": 52, "fields": {"action_time": "2020-02-14T05:33:44.612Z", "user": 1, "content_type": 11, "object_id": "61", "object_repr": "20.2(Reports(89))", "action_flag": 1, "change_message": "[{\"added\": {}}]"}}, {"model": "admin.logentry", "pk": 53, "fields": {"action_time": "2020-02-14T05:34:14.092Z", "user": 1, "content_type": 11, "object_id": "62", "object_repr": "20.1(QiS(95))", "action_flag": 1, "change_message": "[{\"added\": {}}]"}}, {"model": "admin.logentry", "pk": 54, "fields": {"action_time": "2020-02-14T05:34:27.052Z", "user": 1, "content_type": 11, "object_id": "63", "object_repr": "18.11(CSR(85))", "action_flag": 1, "change_message": "[{\"added\": {}}]"}}, {"model": "admin.logentry", "pk": 55, "fields": {"action_time": "2020-02-14T05:38:24.571Z", "user": 1, "content_type": 11, "object_id": "64", "object_repr": "20.1(QiS(95))", "action_flag": 1, "change_message": "[{\"added\": {}}]"}}, {"model": "admin.logentry", "pk": 56, "fields": {"action_time": "2020-02-14T05:40:06.271Z", "user": 1, "content_type": 11, "object_id": "62", "object_repr": "18.11(QiS(95))", "action_flag": 2, "change_message": "[{\"changed\": {\"fields\": [\"Name\"]}}]"}}, {"model": "admin.logentry", "pk": 57, "fields": {"action_time": "2020-02-14T05:40:23.709Z", "user": 1, "content_type": 11, "object_id": "63", "object_repr": "20.1(CSR(96))", "action_flag": 2, "change_message": "[{\"changed\": {\"fields\": [\"Name\", \"Application\"]}}]"}}, {"model": "admin.logentry", "pk": 58, "fields": {"action_time": "2020-02-14T05:40:37.948Z", "user": 1, "content_type": 11, "object_id": "64", "object_repr": "20.2(App(97))", "action_flag": 2, "change_message": "[{\"changed\": {\"fields\": [\"Name\", \"Application\"]}}]"}}, {"model": "admin.logentry", "pk": 59, "fields": {"action_time": "2020-02-14T05:41:04.608Z", "user": 1, "content_type": 11, "object_id": "65", "object_repr": "20.2(CE-UI(98))", "action_flag": 1, "change_message": "[{\"added\": {}}]"}}, {"model": "admin.logentry", "pk": 60, "fields": {"action_time": "2020-02-14T05:41:21.274Z", "user": 1, "content_type": 11, "object_id": "66", "object_repr": "19.10(Web(99))", "action_flag": 1, "change_message": "[{\"added\": {}}]"}}, {"model": "admin.logentry", "pk": 61, "fields": {"action_time": "2020-02-14T05:41:31Z", "user": 1, "content_type": 11, "object_id": "67", "object_repr": "20.2(Reports(100))", "action_flag": 1, "change_message": "[{\"added\": {}}]"}}, {"model": "admin.logentry", "pk": 62, "fields": {"action_time": "2020-02-14T05:42:18.151Z", "user": 1, "content_type": 11, "object_id": "68", "object_repr": "20.1(B2B(101))", "action_flag": 1, "change_message": "[{\"added\": {}}]"}}, {"model": "admin.logentry", "pk": 63, "fields": {"action_time": "2020-02-14T05:42:28.744Z", "user": 1, "content_type": 11, "object_id": "69", "object_repr": "20.1(Consumer(102))", "action_flag": 1, "change_message": "[{\"added\": {}}]"}}, {"model": "admin.logentry", "pk": 64, "fields": {"action_time": "2020-02-14T05:42:56.933Z", "user": 1, "content_type": 11, "object_id": "70", "object_repr": "19.10(SelfServe(103))", "action_flag": 1, "change_message": "[{\"added\": {}}]"}}, {"model": "admin.logentry", "pk": 65, "fields": {"action_time": "2020-02-14T05:43:49.386Z", "user": 1, "content_type": 11, "object_id": "71", "object_repr": "20.2.3(B2BUI(104))", "action_flag": 1, "change_message": "[{\"added\": {}}]"}}, {"model": "admin.logentry", "pk": 66, "fields": {"action_time": "2020-02-14T05:44:01.133Z", "user": 1, "content_type": 11, "object_id": "72", "object_repr": "20.2.1(FN(105))", "action_flag": 1, "change_message": "[{\"added\": {}}]"}}, {"model": "admin.logentry", "pk": 67, "fields": {"action_time": "2020-02-14T05:44:30.647Z", "user": 1, "content_type": 11, "object_id": "73", "object_repr": "20.2(App(108))", "action_flag": 1, "change_message": "[{\"added\": {}}]"}}, {"model": "admin.logentry", "pk": 68, "fields": {"action_time": "2020-02-14T05:44:45.298Z", "user": 1, "content_type": 11, "object_id": "74", "object_repr": "20.2(CE-UI(109))", "action_flag": 1, "change_message": "[{\"added\": {}}]"}}, {"model": "admin.logentry", "pk": 69, "fields": {"action_time": "2020-02-14T05:44:58.543Z", "user": 1, "content_type": 11, "object_id": "75", "object_repr": "19.10(Web(110))", "action_flag": 1, "change_message": "[{\"added\": {}}]"}}, {"model": "admin.logentry", "pk": 70, "fields": {"action_time": "2020-02-14T05:45:46.569Z", "user": 1, "content_type": 11, "object_id": "76", "object_repr": "20.2(Reports(111))", "action_flag": 1, "change_message": "[{\"added\": {}}]"}}, {"model": "admin.logentry", "pk": 71, "fields": {"action_time": "2020-02-14T05:46:07.159Z", "user": 1, "content_type": 11, "object_id": "77", "object_repr": "20.2(App(119))", "action_flag": 1, "change_message": "[{\"added\": {}}]"}}, {"model": "admin.logentry", "pk": 72, "fields": {"action_time": "2020-02-14T05:46:18.570Z", "user": 1, "content_type": 11, "object_id": "78", "object_repr": "20.2(CE-UI(120))", "action_flag": 1, "change_message": "[{\"added\": {}}]"}}, {"model": "admin.logentry", "pk": 73, "fields": {"action_time": "2020-02-14T05:46:27.459Z", "user": 1, "content_type": 11, "object_id": "79", "object_repr": "19.10(Web(121))", "action_flag": 1, "change_message": "[{\"added\": {}}]"}}, {"model": "admin.logentry", "pk": 74, "fields": {"action_time": "2020-02-14T05:46:51.493Z", "user": 1, "content_type": 11, "object_id": "80", "object_repr": "20.2(Reports(122))", "action_flag": 1, "change_message": "[{\"added\": {}}]"}}, {"model": "admin.logentry", "pk": 75, "fields": {"action_time": "2020-02-14T05:47:07.946Z", "user": 1, "content_type": 11, "object_id": "81", "object_repr": "20.2(App(130))", "action_flag": 1, "change_message": "[{\"added\": {}}]"}}, {"model": "admin.logentry", "pk": 76, "fields": {"action_time": "2020-02-14T05:47:21.145Z", "user": 1, "content_type": 11, "object_id": "82", "object_repr": "20.2(CE-UI(131))", "action_flag": 1, "change_message": "[{\"added\": {}}]"}}, {"model": "admin.logentry", "pk": 77, "fields": {"action_time": "2020-02-14T05:47:31.790Z", "user": 1, "content_type": 11, "object_id": "83", "object_repr": "19.10(Web(132))", "action_flag": 1, "change_message": "[{\"added\": {}}]"}}, {"model": "admin.logentry", "pk": 78, "fields": {"action_time": "2020-02-14T05:47:46.652Z", "user": 1, "content_type": 11, "object_id": "84", "object_repr": "20.2(Reports(133))", "action_flag": 1, "change_message": "[{\"added\": {}}]"}}, {"model": "admin.logentry", "pk": 79, "fields": {"action_time": "2020-02-14T05:47:59.098Z", "user": 1, "content_type": 11, "object_id": "85", "object_repr": "20.2(App(141))", "action_flag": 1, "change_message": "[{\"added\": {}}]"}}, {"model": "admin.logentry", "pk": 80, "fields": {"action_time": "2020-02-14T05:48:09.058Z", "user": 1, "content_type": 11, "object_id": "86", "object_repr": "20.2(CE-UI(142))", "action_flag": 1, "change_message": "[{\"added\": {}}]"}}, {"model": "admin.logentry", "pk": 81, "fields": {"action_time": "2020-02-14T05:48:32.734Z", "user": 1, "content_type": 11, "object_id": "87", "object_repr": "19.10(Web(143))", "action_flag": 1, "change_message": "[{\"added\": {}}]"}}, {"model": "admin.logentry", "pk": 82, "fields": {"action_time": "2020-02-14T05:48:45.728Z", "user": 1, "content_type": 11, "object_id": "88", "object_repr": "20.2(Reports(144))", "action_flag": 1, "change_message": "[{\"added\": {}}]"}}, {"model": "admin.logentry", "pk": 83, "fields": {"action_time": "2020-02-14T05:49:35.228Z", "user": 1, "content_type": 11, "object_id": "89", "object_repr": "20.2(HC-App(152))", "action_flag": 1, "change_message": "[{\"added\": {}}]"}}, {"model": "admin.logentry", "pk": 84, "fields": {"action_time": "2020-02-14T05:49:51.430Z", "user": 1, "content_type": 11, "object_id": "90", "object_repr": "19.11(Hc-web(153))", "action_flag": 1, "change_message": "[{\"added\": {}}]"}}, {"model": "admin.logentry", "pk": 85, "fields": {"action_time": "2020-02-14T05:50:09.097Z", "user": 1, "content_type": 11, "object_id": "91", "object_repr": "20.1(CE-Search(154))", "action_flag": 1, "change_message": "[{\"added\": {}}]"}}, {"model": "admin.logentry", "pk": 86, "fields": {"action_time": "2020-02-14T05:51:21.251Z", "user": 1, "content_type": 11, "object_id": "92", "object_repr": "20.2(IVS(155))", "action_flag": 1, "change_message": "[{\"added\": {}}]"}}, {"model": "admin.logentry", "pk": 87, "fields": {"action_time": "2020-02-14T05:51:30.579Z", "user": 1, "content_type": 11, "object_id": "93", "object_repr": "20.2(Pricing(156))", "action_flag": 1, "change_message": "[{\"added\": {}}]"}}, {"model": "admin.logentry", "pk": 88, "fields": {"action_time": "2020-02-14T05:51:40.338Z", "user": 1, "content_type": 11, "object_id": "94", "object_repr": "20.2(Notifier(157))", "action_flag": 1, "change_message": "[{\"added\": {}}]"}}, {"model": "admin.logentry", "pk": 89, "fields": {"action_time": "2020-02-14T05:51:54.454Z", "user": 1, "content_type": 11, "object_id": "95", "object_repr": "20.2(CTB/HiG(158))", "action_flag": 1, "change_message": "[{\"added\": {}}]"}}, {"model": "admin.logentry", "pk": 90, "fields": {"action_time": "2020-02-14T05:52:16.536Z", "user": 1, "content_type": 11, "object_id": "96", "object_repr": "20.1(HASS(159))", "action_flag": 1, "change_message": "[{\"added\": {}}]"}}, {"model": "admin.logentry", "pk": 91, "fields": {"action_time": "2020-02-14T05:52:30.482Z", "user": 1, "content_type": 11, "object_id": "97", "object_repr": "20.1(HSS(160))", "action_flag": 1, "change_message": "[{\"added\": {}}]"}}, {"model": "admin.logentry", "pk": 92, "fields": {"action_time": "2020-02-14T05:52:41.705Z", "user": 1, "content_type": 11, "object_id": "98", "object_repr": "20.2(Email_Service(162))", "action_flag": 1, "change_message": "[{\"added\": {}}]"}}, {"model": "admin.logentry", "pk": 93, "fields": {"action_time": "2020-02-14T05:53:02.069Z", "user": 1, "content_type": 11, "object_id": "99", "object_repr": "20.2(IVS(166))", "action_flag": 1, "change_message": "[{\"added\": {}}]"}}, {"model": "admin.logentry", "pk": 94, "fields": {"action_time": "2020-02-14T05:53:29.868Z", "user": 1, "content_type": 11, "object_id": "100", "object_repr": "20.2(CTB/HiG(169))", "action_flag": 1, "change_message": "[{\"added\": {}}]"}}, {"model": "admin.logentry", "pk": 95, "fields": {"action_time": "2020-02-14T11:33:09.577Z", "user": 1, "content_type": 14, "object_id": "2", "object_repr": "app versioin change", "action_flag": 1, "change_message": "[{\"added\": {}}]"}}, {"model": "admin.logentry", "pk": 96, "fields": {"action_time": "2020-02-17T06:08:30.959Z", "user": 1, "content_type": 10, "object_id": "23", "object_repr": "LW-Common Services(23)", "action_flag": 2, "change_message": "[{\"changed\": {\"fields\": [\"Environment\"]}}]"}}, {"model": "admin.logentry", "pk": 97, "fields": {"action_time": "2020-02-17T06:08:36.079Z", "user": 1, "content_type": 10, "object_id": "22", "object_repr": "HYLA-Common Services(22)", "action_flag": 2, "change_message": "[{\"changed\": {\"fields\": [\"Environment\"]}}]"}}, {"model": "admin.logentry", "pk": 98, "fields": {"action_time": "2020-02-17T08:34:28.937Z", "user": 1, "content_type": 10, "object_id": "23", "object_repr": "LW-Common Services(23)", "action_flag": 2, "change_message": "[{\"changed\": {\"fields\": [\"Environment\"]}}]"}}, {"model": "admin.logentry", "pk": 99, "fields": {"action_time": "2020-02-17T08:34:35.420Z", "user": 1, "content_type": 10, "object_id": "22", "object_repr": "HYLA-Common Services(22)", "action_flag": 2, "change_message": "[{\"changed\": {\"fields\": [\"Environment\"]}}]"}}, {"model": "admin.logentry", "pk": 100, "fields": {"action_time": "2020-02-17T08:57:08.279Z", "user": 1, "content_type": 13, "object_id": "5", "object_repr": "5(None)", "action_flag": 3, "change_message": ""}}, {"model": "admin.logentry", "pk": 101, "fields": {"action_time": "2020-02-17T08:57:08.291Z", "user": 1, "content_type": 13, "object_id": "4", "object_repr": "4(None)", "action_flag": 3, "change_message": ""}}, {"model": "admin.logentry", "pk": 102, "fields": {"action_time": "2020-02-17T08:57:08.300Z", "user": 1, "content_type": 13, "object_id": "3", "object_repr": "3(None)", "action_flag": 3, "change_message": ""}}, {"model": "admin.logentry", "pk": 103, "fields": {"action_time": "2020-02-17T08:57:08.308Z", "user": 1, "content_type": 13, "object_id": "2", "object_repr": "2(None)", "action_flag": 3, "change_message": ""}}, {"model": "admin.logentry", "pk": 104, "fields": {"action_time": "2020-02-17T08:57:08.316Z", "user": 1, "content_type": 13, "object_id": "1", "object_repr": "1(None)", "action_flag": 3, "change_message": ""}}, {"model": "admin.logentry", "pk": 105, "fields": {"action_time": "2020-02-17T09:22:55.725Z", "user": 1, "content_type": 13, "object_id": "6", "object_repr": "6(20.2(Reports(2)))", "action_flag": 2, "change_message": "[{\"changed\": {\"fields\": [\"Program version id\"]}}]"}}, {"model": "admin.logentry", "pk": 106, "fields": {"action_time": "2020-02-17T10:19:55.952Z", "user": 1, "content_type": 13, "object_id": "8", "object_repr": "8(None)", "action_flag": 3, "change_message": ""}}, {"model": "admin.logentry", "pk": 107, "fields": {"action_time": "2020-02-17T10:19:55.973Z", "user": 1, "content_type": 13, "object_id": "7", "object_repr": "7(None)", "action_flag": 3, "change_message": ""}}, {"model": "admin.logentry", "pk": 108, "fields": {"action_time": "2020-02-17T10:19:55.981Z", "user": 1, "content_type": 13, "object_id": "6", "object_repr": "6(20.2(Reports(2)))", "action_flag": 3, "change_message": ""}}, {"model": "admin.logentry", "pk": 109, "fields": {"action_time": "2020-02-17T11:35:56.111Z", "user": 1, "content_type": 10, "object_id": "23", "object_repr": "LW-Common Services(23)", "action_flag": 2, "change_message": "[{\"changed\": {\"fields\": [\"Environment\"]}}]"}}, {"model": "admin.logentry", "pk": 110, "fields": {"action_time": "2020-02-17T11:36:01.647Z", "user": 1, "content_type": 10, "object_id": "22", "object_repr": "HYLA-Common Services(22)", "action_flag": 2, "change_message": "[{\"changed\": {\"fields\": [\"Environment\"]}}]"}}, {"model": "admin.logentry", "pk": 111, "fields": {"action_time": "2020-02-17T11:36:07.122Z", "user": 1, "content_type": 10, "object_id": "21", "object_repr": "G.Canada/FIDO(21)", "action_flag": 2, "change_message": "[{\"changed\": {\"fields\": [\"Environment\"]}}]"}}, {"model": "admin.logentry", "pk": 112, "fields": {"action_time": "2020-02-17T11:36:11.601Z", "user": 1, "content_type": 10, "object_id": "20", "object_repr": "KOODO(20)", "action_flag": 2, "change_message": "[{\"changed\": {\"fields\": [\"Environment\"]}}]"}}, {"model": "admin.logentry", "pk": 113, "fields": {"action_time": "2020-02-17T11:36:17.196Z", "user": 1, "content_type": 10, "object_id": "19", "object_repr": "WIND(19)", "action_flag": 2, "change_message": "[{\"changed\": {\"fields\": [\"Environment\"]}}]"}}, {"model": "admin.logentry", "pk": 114, "fields": {"action_time": "2020-02-17T11:36:26.419Z", "user": 1, "content_type": 10, "object_id": "18", "object_repr": "TELUS(18)", "action_flag": 2, "change_message": "[{\"changed\": {\"fields\": [\"Environment\"]}}]"}}, {"model": "admin.logentry", "pk": 115, "fields": {"action_time": "2020-02-17T11:36:32.378Z", "user": 1, "content_type": 10, "object_id": "17", "object_repr": "ATT(17)", "action_flag": 2, "change_message": "[{\"changed\": {\"fields\": [\"Environment\"]}}]"}}, {"model": "admin.logentry", "pk": 116, "fields": {"action_time": "2020-02-17T11:36:39.049Z", "user": 1, "content_type": 10, "object_id": "16", "object_repr": "GOOGLE(16)", "action_flag": 2, "change_message": "[{\"changed\": {\"fields\": [\"Environment\"]}}]"}}, {"model": "admin.logentry", "pk": 117, "fields": {"action_time": "2020-02-17T11:36:45.109Z", "user": 1, "content_type": 10, "object_id": "15", "object_repr": "MSFT(15)", "action_flag": 2, "change_message": "[{\"changed\": {\"fields\": [\"Environment\"]}}]"}}, {"model": "admin.logentry", "pk": 118, "fields": {"action_time": "2020-02-17T11:37:01.542Z", "user": 1, "content_type": 10, "object_id": "14", "object_repr": "TRACFONE(14)", "action_flag": 2, "change_message": "[{\"changed\": {\"fields\": [\"Environment\"]}}]"}}, {"model": "admin.logentry", "pk": 119, "fields": {"action_time": "2020-02-17T11:37:11.216Z", "user": 1, "content_type": 10, "object_id": "13", "object_repr": "VERIZON(13)", "action_flag": 2, "change_message": "[{\"changed\": {\"fields\": [\"Environment\"]}}]"}}, {"model": "admin.logentry", "pk": 120, "fields": {"action_time": "2020-02-17T11:37:19.829Z", "user": 1, "content_type": 10, "object_id": "12", "object_repr": "CISCO(12)", "action_flag": 2, "change_message": "[{\"changed\": {\"fields\": [\"Environment\"]}}]"}}, {"model": "admin.logentry", "pk": 121, "fields": {"action_time": "2020-02-17T11:37:29.271Z", "user": 1, "content_type": 10, "object_id": "11", "object_repr": "USCC(11)", "action_flag": 2, "change_message": "[{\"changed\": {\"fields\": [\"Environment\"]}}]"}}, {"model": "admin.logentry", "pk": 122, "fields": {"action_time": "2020-02-17T11:37:39.997Z", "user": 1, "content_type": 10, "object_id": "10", "object_repr": "Gen Canada/FIDO(10)", "action_flag": 2, "change_message": "[{\"changed\": {\"fields\": [\"Environment\"]}}]"}}, {"model": "admin.logentry", "pk": 123, "fields": {"action_time": "2020-02-17T11:37:50.757Z", "user": 1, "content_type": 10, "object_id": "9", "object_repr": "BBY(9)", "action_flag": 2, "change_message": "[{\"changed\": {\"fields\": [\"Environment\"]}}]"}}, {"model": "admin.logentry", "pk": 124, "fields": {"action_time": "2020-02-17T11:37:56.813Z", "user": 1, "content_type": 10, "object_id": "8", "object_repr": "TELUS(8)", "action_flag": 2, "change_message": "[{\"changed\": {\"fields\": [\"Environment\"]}}]"}}, {"model": "admin.logentry", "pk": 125, "fields": {"action_time": "2020-02-17T11:38:31.244Z", "user": 1, "content_type": 10, "object_id": "7", "object_repr": "ATT(7)", "action_flag": 2, "change_message": "[{\"changed\": {\"fields\": [\"Environment\"]}}]"}}, {"model": "admin.logentry", "pk": 126, "fields": {"action_time": "2020-02-17T11:38:37.609Z", "user": 1, "content_type": 10, "object_id": "6", "object_repr": "GOOGLE(6)", "action_flag": 2, "change_message": "[{\"changed\": {\"fields\": [\"Environment\"]}}]"}}, {"model": "admin.logentry", "pk": 127, "fields": {"action_time": "2020-02-17T11:38:46.205Z", "user": 1, "content_type": 10, "object_id": "5", "object_repr": "SAMSUNG(5)", "action_flag": 2, "change_message": "[{\"changed\": {\"fields\": [\"Environment\"]}}]"}}, {"model": "admin.logentry", "pk": 128, "fields": {"action_time": "2020-02-17T11:38:52.189Z", "user": 1, "content_type": 10, "object_id": "4", "object_repr": "TRACFONE(4)", "action_flag": 2, "change_message": "[{\"changed\": {\"fields\": [\"Environment\"]}}]"}}, {"model": "admin.logentry", "pk": 129, "fields": {"action_time": "2020-02-17T11:39:02.757Z", "user": 1, "content_type": 10, "object_id": "3", "object_repr": "VERIZON(3)", "action_flag": 2, "change_message": "[{\"changed\": {\"fields\": [\"Environment\"]}}]"}}, {"model": "admin.logentry", "pk": 130, "fields": {"action_time": "2020-02-17T11:39:08.177Z", "user": 1, "content_type": 10, "object_id": "2", "object_repr": "ITOCHU(2)", "action_flag": 2, "change_message": "[{\"changed\": {\"fields\": [\"Environment\"]}}]"}}, {"model": "admin.logentry", "pk": 131, "fields": {"action_time": "2020-02-17T11:39:13.068Z", "user": 1, "content_type": 10, "object_id": "1", "object_repr": "USCC(1)", "action_flag": 2, "change_message": "[{\"changed\": {\"fields\": [\"Environment\"]}}]"}}, {"model": "admin.logentry", "pk": 132, "fields": {"action_time": "2020-02-17T11:44:40.586Z", "user": 1, "content_type": 7, "object_id": "35", "object_repr": "B2B(35)", "action_flag": 2, "change_message": "[{\"changed\": {\"fields\": [\"Program\"]}}]"}}, {"model": "admin.logentry", "pk": 133, "fields": {"action_time": "2020-02-20T08:15:02.103Z", "user": 1, "content_type": 10, "object_id": "23", "object_repr": "LW-Common Services(23)", "action_flag": 2, "change_message": "[{\"changed\": {\"fields\": [\"Environment\"]}}]"}}, {"model": "admin.logentry", "pk": 134, "fields": {"action_time": "2020-02-20T08:15:08.309Z", "user": 1, "content_type": 10, "object_id": "22", "object_repr": "HYLA-Common Services(22)", "action_flag": 2, "change_message": "[{\"changed\": {\"fields\": [\"Environment\"]}}]"}}, {"model": "admin.logentry", "pk": 135, "fields": {"action_time": "2020-02-20T08:15:13.273Z", "user": 1, "content_type": 10, "object_id": "21", "object_repr": "G.Canada/FIDO(21)", "action_flag": 2, "change_message": "[{\"changed\": {\"fields\": [\"Environment\"]}}]"}}, {"model": "admin.logentry", "pk": 136, "fields": {"action_time": "2020-02-20T08:15:17.709Z", "user": 1, "content_type": 10, "object_id": "20", "object_repr": "KOODO(20)", "action_flag": 2, "change_message": "[{\"changed\": {\"fields\": [\"Environment\"]}}]"}}, {"model": "admin.logentry", "pk": 137, "fields": {"action_time": "2020-02-20T08:15:24.245Z", "user": 1, "content_type": 10, "object_id": "19", "object_repr": "WIND(19)", "action_flag": 2, "change_message": "[{\"changed\": {\"fields\": [\"Environment\"]}}]"}}, {"model": "admin.logentry", "pk": 138, "fields": {"action_time": "2020-02-20T08:15:29.258Z", "user": 1, "content_type": 10, "object_id": "1", "object_repr": "USCC(1)", "action_flag": 2, "change_message": "[{\"changed\": {\"fields\": [\"Environment\"]}}]"}}, {"model": "admin.logentry", "pk": 139, "fields": {"action_time": "2020-02-20T08:15:33.456Z", "user": 1, "content_type": 10, "object_id": "2", "object_repr": "ITOCHU(2)", "action_flag": 2, "change_message": "[{\"changed\": {\"fields\": [\"Environment\"]}}]"}}, {"model": "admin.logentry", "pk": 140, "fields": {"action_time": "2020-02-20T08:15:39.257Z", "user": 1, "content_type": 10, "object_id": "3", "object_repr": "VERIZON(3)", "action_flag": 2, "change_message": "[{\"changed\": {\"fields\": [\"Environment\"]}}]"}}, {"model": "admin.logentry", "pk": 141, "fields": {"action_time": "2020-02-20T08:15:44.619Z", "user": 1, "content_type": 10, "object_id": "4", "object_repr": "TRACFONE(4)", "action_flag": 2, "change_message": "[{\"changed\": {\"fields\": [\"Environment\"]}}]"}}, {"model": "admin.logentry", "pk": 142, "fields": {"action_time": "2020-02-20T08:15:49.461Z", "user": 1, "content_type": 10, "object_id": "5", "object_repr": "SAMSUNG(5)", "action_flag": 2, "change_message": "[{\"changed\": {\"fields\": [\"Environment\"]}}]"}}, {"model": "admin.logentry", "pk": 143, "fields": {"action_time": "2020-02-20T08:15:55.246Z", "user": 1, "content_type": 10, "object_id": "5", "object_repr": "SAMSUNG(5)", "action_flag": 2, "change_message": "[]"}}, {"model": "admin.logentry", "pk": 144, "fields": {"action_time": "2020-02-20T08:16:00.151Z", "user": 1, "content_type": 10, "object_id": "6", "object_repr": "GOOGLE(6)", "action_flag": 2, "change_message": "[{\"changed\": {\"fields\": [\"Environment\"]}}]"}}, {"model": "admin.logentry", "pk": 145, "fields": {"action_time": "2020-02-20T08:16:04.508Z", "user": 1, "content_type": 10, "object_id": "7", "object_repr": "ATT(7)", "action_flag": 2, "change_message": "[{\"changed\": {\"fields\": [\"Environment\"]}}]"}}, {"model": "admin.logentry", "pk": 146, "fields": {"action_time": "2020-02-20T08:16:16.642Z", "user": 1, "content_type": 10, "object_id": "8", "object_repr": "TELUS(8)", "action_flag": 2, "change_message": "[{\"changed\": {\"fields\": [\"Environment\"]}}]"}}, {"model": "admin.logentry", "pk": 147, "fields": {"action_time": "2020-02-20T08:16:23.733Z", "user": 1, "content_type": 10, "object_id": "8", "object_repr": "TELUS(8)", "action_flag": 2, "change_message": "[]"}}, {"model": "admin.logentry", "pk": 148, "fields": {"action_time": "2020-02-20T08:16:28.944Z", "user": 1, "content_type": 10, "object_id": "9", "object_repr": "BBY(9)", "action_flag": 2, "change_message": "[{\"changed\": {\"fields\": [\"Environment\"]}}]"}}, {"model": "admin.logentry", "pk": 149, "fields": {"action_time": "2020-02-20T08:16:36.607Z", "user": 1, "content_type": 10, "object_id": "10", "object_repr": "Gen Canada/FIDO(10)", "action_flag": 2, "change_message": "[{\"changed\": {\"fields\": [\"Environment\"]}}]"}}, {"model": "admin.logentry", "pk": 150, "fields": {"action_time": "2020-02-20T08:16:42.464Z", "user": 1, "content_type": 10, "object_id": "11", "object_repr": "USCC(11)", "action_flag": 2, "change_message": "[{\"changed\": {\"fields\": [\"Environment\"]}}]"}}, {"model": "admin.logentry", "pk": 151, "fields": {"action_time": "2020-02-20T08:16:49.324Z", "user": 1, "content_type": 10, "object_id": "12", "object_repr": "CISCO(12)", "action_flag": 2, "change_message": "[{\"changed\": {\"fields\": [\"Environment\"]}}]"}}, {"model": "admin.logentry", "pk": 152, "fields": {"action_time": "2020-02-20T08:16:57.581Z", "user": 1, "content_type": 10, "object_id": "13", "object_repr": "VERIZON(13)", "action_flag": 2, "change_message": "[{\"changed\": {\"fields\": [\"Environment\"]}}]"}}, {"model": "admin.logentry", "pk": 153, "fields": {"action_time": "2020-02-20T08:17:04.121Z", "user": 1, "content_type": 10, "object_id": "14", "object_repr": "TRACFONE(14)", "action_flag": 2, "change_message": "[{\"changed\": {\"fields\": [\"Environment\"]}}]"}}, {"model": "admin.logentry", "pk": 154, "fields": {"action_time": "2020-02-20T08:17:08.192Z", "user": 1, "content_type": 10, "object_id": "15", "object_repr": "MSFT(15)", "action_flag": 2, "change_message": "[{\"changed\": {\"fields\": [\"Environment\"]}}]"}}, {"model": "admin.logentry", "pk": 155, "fields": {"action_time": "2020-02-20T08:17:24.322Z", "user": 1, "content_type": 10, "object_id": "15", "object_repr": "MSFT(15)", "action_flag": 2, "change_message": "[]"}}, {"model": "admin.logentry", "pk": 156, "fields": {"action_time": "2020-02-20T08:17:32.780Z", "user": 1, "content_type": 10, "object_id": "16", "object_repr": "GOOGLE(16)", "action_flag": 2, "change_message": "[{\"changed\": {\"fields\": [\"Environment\"]}}]"}}, {"model": "admin.logentry", "pk": 157, "fields": {"action_time": "2020-02-20T08:17:38.221Z", "user": 1, "content_type": 10, "object_id": "18", "object_repr": "TELUS(18)", "action_flag": 2, "change_message": "[{\"changed\": {\"fields\": [\"Environment\"]}}]"}}, {"model": "admin.logentry", "pk": 158, "fields": {"action_time": "2020-02-20T11:35:04.412Z", "user": 1, "content_type": 10, "object_id": "23", "object_repr": "LW-Common Services(23)", "action_flag": 2, "change_message": "[]"}}, {"model": "admin.logentry", "pk": 159, "fields": {"action_time": "2020-02-20T11:35:08.804Z", "user": 1, "content_type": 10, "object_id": "22", "object_repr": "HYLA-Common Services(22)", "action_flag": 2, "change_message": "[]"}}, {"model": "admin.logentry", "pk": 160, "fields": {"action_time": "2020-02-20T11:35:12.954Z", "user": 1, "content_type": 10, "object_id": "21", "object_repr": "G.Canada/FIDO(21)", "action_flag": 2, "change_message": "[]"}}, {"model": "admin.logentry", "pk": 161, "fields": {"action_time": "2020-02-20T11:35:17.876Z", "user": 1, "content_type": 10, "object_id": "20", "object_repr": "KOODO(20)", "action_flag": 2, "change_message": "[]"}}, {"model": "admin.logentry", "pk": 162, "fields": {"action_time": "2020-02-20T11:35:22.923Z", "user": 1, "content_type": 10, "object_id": "19", "object_repr": "WIND(19)", "action_flag": 2, "change_message": "[]"}}, {"model": "admin.logentry", "pk": 163, "fields": {"action_time": "2020-02-20T11:36:07.790Z", "user": 1, "content_type": 10, "object_id": "1", "object_repr": "USCC(1)", "action_flag": 2, "change_message": "[]"}}, {"model": "admin.logentry", "pk": 164, "fields": {"action_time": "2020-02-20T11:36:33.791Z", "user": 1, "content_type": 10, "object_id": "20", "object_repr": "KOODO(20)", "action_flag": 2, "change_message": "[]"}}, {"model": "admin.logentry", "pk": 165, "fields": {"action_time": "2020-02-20T11:36:53.094Z", "user": 1, "content_type": 10, "object_id": "17", "object_repr": "ATT(17)", "action_flag": 2, "change_message": "[{\"changed\": {\"fields\": [\"Environment\"]}}]"}}, {"model": "admin.logentry", "pk": 166, "fields": {"action_time": "2020-02-20T11:44:43.795Z", "user": 1, "content_type": 7, "object_id": "35", "object_repr": "B2B(35)", "action_flag": 2, "change_message": "[{\"changed\": {\"fields\": [\"Program\"]}}]"}}, {"model": "admin.logentry", "pk": 167, "fields": {"action_time": "2020-02-20T13:25:23.081Z", "user": 1, "content_type": 10, "object_id": "11", "object_repr": "USCC(11)", "action_flag": 2, "change_message": "[]"}}]